artist,album,score,genre,label,reviewer,year,review_date,length,url
Doss,4 New Hit Songs,7.1,Electronic,LuckyMe,Colin Joyce,2021.0,2021-05-12,539,https://www.pitchfork.com/reviews/albums/doss-4-new-hit-songs/
Burial,Shock Power of Love EP,7.2,Electronic,Keysound,Ben Cardew,2021.0,2021-05-12,643,https://www.pitchfork.com/reviews/albums/burial-blackdown-shock-power-of-love-ep/
Morray,Street Sermons,6.9,Rap,Pick Six / Interscope,Dylan Green,2021.0,2021-05-12,666,https://www.pitchfork.com/reviews/albums/morray-street-sermons/
LUCY (Cooper B. Handy),The Music Industry Is Poisonous,7.2,Pop/R&B / Experimental,Dots Per Inch,Sophie Kemp,2021.0,2021-05-11,515,https://www.pitchfork.com/reviews/albums/lucy-the-music-industry-is-poisonous/
I. JORDAN,Watch Out! EP,7.8,Electronic,Ninja Tune,Peyton Thomas,2021.0,2021-05-11,800,https://www.pitchfork.com/reviews/albums/india-jordan-watch-out-ep/
Jack Ingram,The Marfa Tapes,7.6,Folk/Country,Vanner / RCA Records Nashville,Sam Sodomsky,2021.0,2021-05-11,581,https://www.pitchfork.com/reviews/albums/jack-ingram-miranda-lambert-jon-rand-the-marfa-tapes/
Squid,Bright Green Field,8.0,Rock,Warp,Madison Bloom,2021.0,2021-05-11,763,https://www.pitchfork.com/reviews/albums/squid-bright-green-field/
Green-House,Music for Living Spaces,7.7,Electronic / Experimental,Leaving,Sasha Geffen,2021.0,2021-05-10,698,https://www.pitchfork.com/reviews/albums/green-house-music-for-living-spaces/
Daniel Bachman,Axacan,7.0,Folk/Country,Three Lobed,Louis Pattison,2021.0,2021-05-10,832,https://www.pitchfork.com/reviews/albums/daniel-bachman-axacan/
Tony Allen,There Is No End,7.7,Jazz,Blue Note,Tarisai Ngangura,2021.0,2021-05-10,920,https://www.pitchfork.com/reviews/albums/tony-allen-there-is-no-end/
Fiver,Fiver With the Atlantic School of Spontaneous Composition,7.6,Rock,You’ve Changed,Allison Hussey,2021.0,2021-05-10,666,https://www.pitchfork.com/reviews/albums/fiver-fiver-with-the-atlantic-school-of-spontaneous-composition/
The Flying Burrito Brothers,The Gilded Palace of Sin,9.0,Rock,A&M,Lindsay Zoladz,1969.0,2021-05-09,2940,https://www.pitchfork.com/reviews/albums/the-flying-burrito-brothers-the-gilded-palace-of-sin/
Alex Chilton,Boogie Shoes: Live on Beale Street,7.0,Rock,Omnivore,Stephen Thomas Erlewine,2021.0,2021-05-08,670,https://www.pitchfork.com/reviews/albums/alex-chilton-hi-rhythm-section-boogie-shoes-live-on-beale-street/
dodie,Build a Problem,6.6,Pop/R&B,doddleoddle,Ashley Bardhan,2021.0,2021-05-07,617,https://www.pitchfork.com/reviews/albums/dodie-build-a-problem/
Iceage,Seek Shelter,8.3,Rock,Mexican Summer,Stuart Berman,2021.0,2021-05-07,743,https://www.pitchfork.com/reviews/albums/iceage-seek-shelter/
Snow Ellet,Suburban Indie Rock Star EP,7.1,Rock,4 Three!,Abby Jones,2021.0,2021-05-07,457,https://www.pitchfork.com/reviews/albums/snow-ellet-suburban-indie-rock-star-ep/
Van Morrison,"Latest Record Project, Vol. 1",5.4,Rock,Exile / BMG,Elizabeth Nelson,2021.0,2021-05-07,803,https://www.pitchfork.com/reviews/albums/van-morrison-latest-record-project-vol-1/
Origami Angel,Gami Gang,7.3,Rock,Counter Intuitive,Abby Jones,2021.0,2021-05-06,558,https://www.pitchfork.com/reviews/albums/origami-angel-gami-gang/
Cake Pop,Cake Pop 2,6.7,Experimental / Pop/R&B,Mad Decent,Julia Gray,2021.0,2021-05-06,645,https://www.pitchfork.com/reviews/albums/cake-pop-cake-pop-2/
Itzy,Guess Who,5.5,Pop/R&B,JYP,Joshua Minsoo Kim,2021.0,2021-05-06,584,https://www.pitchfork.com/reviews/albums/itzy-guess-who/
Flying Lotus,Yasuke,7.4,Electronic,Warp,Nadine Smith,2021.0,2021-05-06,1012,https://www.pitchfork.com/reviews/albums/flying-lotus-yasuke/
Jeff Rosenstock,SKA DREAM,8.0,Rock,Polyvinyl,Brad Shoup,2021.0,2021-05-05,1045,https://www.pitchfork.com/reviews/albums/jeff-rosenstock-ska-dream/
Rochelle Jordan,Play With the Changes,7.0,Pop/R&B,Young Art,Katherine St. Asaph,2021.0,2021-05-05,492,https://www.pitchfork.com/reviews/albums/rochelle-jordan-play-with-the-changes/
Shelley FKA DRAM,Shelley FKA DRAM,7.5,Pop/R&B,EMPIRE / Atlantic,Eric Torres,2021.0,2021-05-05,754,https://www.pitchfork.com/reviews/albums/shelley-fka-dram-shelley-fka-dram/
girl in red,if i could make it go quiet,6.8,Pop/R&B,World in Red / AWAL,Quinn Moreland,2021.0,2021-05-05,858,https://www.pitchfork.com/reviews/albums/girl-in-red-if-i-could-make-it-go-quiet/
Growing,Diptych,7.4,Experimental / Metal / Rock,Silver Current,Brian Coney,2021.0,2021-05-04,493,https://www.pitchfork.com/reviews/albums/growing-diptych/
Matt Sweeney,Superwolves,8.0,Rock / Folk/Country,Drag City,Sadie Sartini Garner,2021.0,2021-05-04,1176,https://www.pitchfork.com/reviews/albums/matt-sweeney-bonnie-prince-billy-superwolves/
Ashley Monroe,Rosegold,5.7,Folk/Country,Mountainrose Sparrow / Thirty Tigers,Stephen M. Deusner,2021.0,2021-05-04,577,https://www.pitchfork.com/reviews/albums/ashley-monroe-rosegold/
Guided by Voices,Earth Man Blues,6.8,Rock,Guided by Voices Inc.,Hubert Adjei-Kontoh,2021.0,2021-05-04,700,https://www.pitchfork.com/reviews/albums/guided-by-voices-earth-man-blues/
Joseph Shabason,The Fellowship,7.3,Jazz,Western Vinyl,Zach Schonfeld,2021.0,2021-05-03,771,https://www.pitchfork.com/reviews/albums/joseph-shabason-the-fellowship/
Dawn Richard,Second Line: An Electro Revival,8.0,Pop/R&B,Merge,Tarisai Ngangura,2021.0,2021-05-03,1039,https://www.pitchfork.com/reviews/albums/dawn-second-line-an-electro-revival/
Satomimagae,Hanazono,7.6,Electronic,Rvng Intl.,Rob Arcand,2021.0,2021-05-03,717,https://www.pitchfork.com/reviews/albums/satomimagae-hanazono/
Paul Jacobs,Pink Dogs on the Green Grass,7.5,Rock,Blow the Fuse,Jesse Locke,2021.0,2021-05-03,565,https://www.pitchfork.com/reviews/albums/paul-jacobs-pink-dogs-on-the-green-grass/
Joan Armatrading,Joan Armatrading,9.1,Rock,A&M,Jenn Pelly,1976.0,2021-05-02,1987,https://www.pitchfork.com/reviews/albums/joan-armatrading-joan-armatrading/
Telex,This Is Telex,6.6,Electronic / Pop/R&B,Mute,Robert Ham,2021.0,2021-05-01,766,https://www.pitchfork.com/reviews/albums/telex-this-is-telex/
Topaz Jones,Don’t Go Tellin’ Your Momma,7.4,Rap,New Funk Academy / Black Canopy,Eric Torres,2021.0,2021-04-30,640,https://www.pitchfork.com/reviews/albums/topaz-jones-dont-go-tellin-your-momma/
Marianne Faithfull,She Walks in Beauty,6.7,Rock / Experimental,BMG,Daniel Felsenthal,2021.0,2021-04-30,771,https://www.pitchfork.com/reviews/albums/marianne-faithfull-warren-ellis-she-walks-in-beauty/
Leon Vynehall,"Rare, Forever",7.8,Electronic,Ninja Tune,Shawn Reynaldo,2021.0,2021-04-30,758,https://www.pitchfork.com/reviews/albums/leon-vynehall-rare-forever/
Teenage Fanclub,Endless Arcade,7.0,Rock,Merge,Sam Sodomsky,2021.0,2021-04-30,616,https://www.pitchfork.com/reviews/albums/teenage-fanclub-endless-arcade/
Moneybagg Yo,A Gangsta’s Pain,6.8,Rap,CMG / N-Less / Interscope,Nadine Smith,2021.0,2021-04-29,549,https://www.pitchfork.com/reviews/albums/moneybagg-yo-a-gangstas-pain/
Róisín Murphy,Crooked Machine,7.7,Pop/R&B / Electronic,Skint,Shaad D’Souza,2021.0,2021-04-29,832,https://www.pitchfork.com/reviews/albums/roisin-murphy-crooked-machine/
Dām Funk,Architecture III,7.3,Pop/R&B,Glydezone,Jay Balfour,2021.0,2021-04-29,549,https://www.pitchfork.com/reviews/albums/dam-funk-architecture-iii/
Porter Robinson,Nurture,7.6,Electronic,Mom+Pop,Colin Joyce,2021.0,2021-04-29,506,https://www.pitchfork.com/reviews/albums/porter-robinson-nurture/
Lil Yachty,Michigan Boy Boat,6.8,Rap,Quality Control / Motown,Alphonse Pierre,2021.0,2021-04-28,705,https://www.pitchfork.com/reviews/albums/lil-yachty-michigan-boy-boat/
LCY,Pulling Teeth EP,7.2,Electronic,SZNS7N,Will Pritchard,2021.0,2021-04-28,599,https://www.pitchfork.com/reviews/albums/lcy-pulling-teeth-ep/
The Juan MacLean,I Can’t Explain EP,7.3,Electronic / Rock,Me Me Me,Ben Cardew,2021.0,2021-04-28,602,https://www.pitchfork.com/reviews/albums/the-juan-maclean-i-cant-explain-ep/
Ethel Cain,Inbred EP,7.6,Rock,Daughters of Cain,Arielle Gordon,2021.0,2021-04-28,699,https://www.pitchfork.com/reviews/albums/ethel-cain-inbred-ep/
Arooj Aftab,Vulture Prince,8.2,Jazz,New Amsterdam,Bhanuj Kappal,2021.0,2021-04-27,976,https://www.pitchfork.com/reviews/albums/arooj-aftab-vulture-prince/
Snoop Dogg,From tha Streets 2 tha Suites,6.9,Rap,Doggy Style,Paul A. Thompson,2021.0,2021-04-27,534,https://www.pitchfork.com/reviews/albums/snoop-dogg-from-tha-streets-2-tha-suites/
Field Music,Flat White Moon,6.1,Rock,Memphis Industries,Dean Van Nguyen,2021.0,2021-04-27,598,https://www.pitchfork.com/reviews/albums/field-music-flat-white-moon/
Vision Video,Inked in Red,7.0,Rock,Icy Cold,Stuart Berman,2021.0,2021-04-26,552,https://www.pitchfork.com/reviews/albums/vision-video-inked-in-red/
Young Thug,Slime Language 2,6.7,Rap,Young Stoner Life / 300 Entertainment,Mehan Jayasuriya,2021.0,2021-04-26,840,https://www.pitchfork.com/reviews/albums/young-thug-gunna-young-stoner-life-slime-language-2/
Natural Information Society,descension (Out of Our Constrictions),7.5,Jazz / Experimental,Eremite,Andy Beta,2021.0,2021-04-26,715,https://www.pitchfork.com/reviews/albums/natural-information-society-evan-parke-descension-out-of-our-constrictions/
Spiritualized,Lazer Guided Melodies,9.0,Rock,Fat Possum,Ben Cardew,2021.0,2021-04-26,611,https://www.pitchfork.com/reviews/albums/spiritualized-lazer-guided-melodies/
Sonny Sharrock,Ask the Ages,9.5,Experimental / Jazz,Axiom,Andy Cush,1991.0,2021-04-25,2725,https://www.pitchfork.com/reviews/albums/sonny-sharrock-ask-the-ages/
iLoveMakonnen,My Parade,7.0,Rap,Timeless Magic / Cor Tan,Mano Sundaresan,2021.0,2021-04-24,730,https://www.pitchfork.com/reviews/albums/ilovemakonnen-my-parade/
96 Back,9696 Dream,7.4,Electronic,Local Action,Philip Sherburne,2021.0,2021-04-23,699,https://www.pitchfork.com/reviews/albums/96-back-9696-dream/
Sour Widows,Crossing Over EP,7.4,Rock,Exploding in Sound,Marc Hogan,2021.0,2021-04-23,586,https://www.pitchfork.com/reviews/albums/sour-widows-crossing-over-ep/
Sonic Boom,Almost Nothing Is Nearly Enough,7.6,Electronic,Carpark,Daniel Felsenthal,2021.0,2021-04-23,653,https://www.pitchfork.com/reviews/albums/sonic-boom-almost-nothing-is-nearly-enough/
Dinosaur Jr.,Sweep It Into Space,7.3,Rock,Jagjaguwar,Zach Schonfeld,2021.0,2021-04-23,638,https://www.pitchfork.com/reviews/albums/dinosaur-jr-sweep-it-into-space/
Rob Frye,Exoplanet,7.6,Experimental,Astral Spirits,Dave Segal,2021.0,2021-04-22,610,https://www.pitchfork.com/reviews/albums/rob-frye-exoplanet/
Blair,Tears to Grow EP,7.7,Rock,self-released,Jenn Pelly,2021.0,2021-04-22,577,https://www.pitchfork.com/reviews/albums/blair-tears-to-grow-ep/
Azu Tiwaline,Draw Me a Silence,7.3,Electronic,I.O.T,Philip Sherburne,2021.0,2021-04-22,681,https://www.pitchfork.com/reviews/albums/azu-tiwaline-draw-me-a-silence/
The Who,The Who Sell Out (Super Deluxe),8.5,Rock,UMe / Polydor,Sam Sodomsky,2021.0,2021-04-22,996,https://www.pitchfork.com/reviews/albums/the-who-the-who-sell-out-super-deluxe/
John FM,American Spirit EP,7.2,Electronic,XL,Hubert Adjei-Kontoh,2021.0,2021-04-21,653,https://www.pitchfork.com/reviews/albums/john-fm-american-spirit-ep/
claire rousay,a softer focus,7.6,Experimental / Electronic,American Dreams,Rob Arcand,2021.0,2021-04-21,576,https://www.pitchfork.com/reviews/albums/claire-rousay-a-softer-focus/
Kero Kero Bonito,Civilisation II EP,7.5,Pop/R&B,Polyvinyl,Shaad D’Souza,2021.0,2021-04-21,970,https://www.pitchfork.com/reviews/albums/kero-kero-bonito-civilisation-ii-ep/
Conway the Machine,La Maquina,7.5,Rap,Griselda / Drumwork Music Group / EMPIRE,Dylan Green,2021.0,2021-04-21,665,https://www.pitchfork.com/reviews/albums/conway-the-machine-la-maquina/
Andy Stott,Never the Right Time,6.0,Electronic,Modern Love,Brian Howe,2021.0,2021-04-20,545,https://www.pitchfork.com/reviews/albums/andy-stott-never-the-right-time/
Taylor Swift,Fearless (Taylor’s Version),7.5,Pop/R&B,Republic,Dani Blum,2021.0,2021-04-20,811,https://www.pitchfork.com/reviews/albums/taylor-swift-fearless-taylors-version/
Caroline Kingsbury,Heaven’s Just a Flight,6.7,Rock,Fortune Tellers,Arielle Gordon,2021.0,2021-04-20,588,https://www.pitchfork.com/reviews/albums/caroline-kingsbury-heavens-just-a-flight/
Vladislav Delay,Rakka II,7.8,Electronic,Cosmo Rhythmatic,Joshua Minsoo Kim,2021.0,2021-04-20,629,https://www.pitchfork.com/reviews/albums/vladislav-delay-rakka-ii/
OMAAR,Drum Temple,7.7,Electronic,NAAFI,Isabelia Herrera,2021.0,2021-04-19,543,https://www.pitchfork.com/reviews/albums/omaar-drum-temple/
Cory Hanson,Pale Horse Rider,7.5,Rock,Drag City,Stuart Berman,2021.0,2021-04-19,778,https://www.pitchfork.com/reviews/albums/cory-hanson-pale-horse-rider/
Sharon Van Etten,epic Ten,7.8,Rock,Ba Da Bing,Jenn Pelly,2021.0,2021-04-19,1347,https://www.pitchfork.com/reviews/albums/sharon-van-etten-epic-ten/
Bill MacKay,Keys,7.4,Folk/Country,Drag City,Stephen M. Deusner,2021.0,2021-04-19,641,https://www.pitchfork.com/reviews/albums/bill-mackay-nathan-bowles-keys/
Speaker Knockerz,Married to the Money II #MTTM2,7.2,Rap,Talibandz Entertainment,Alphonse Pierre,2014.0,2021-04-18,1967,https://www.pitchfork.com/reviews/albums/speaker-knockerz-married-to-the-money-2-mttm2/
Paul McCartney,McCartney III Imagined,6.6,Rock,Capitol,Stuart Berman,2021.0,2021-04-17,781,https://www.pitchfork.com/reviews/albums/paul-mccartney-mccartney-iii-imagined/
Howie Lee,Birdy Island,7.6,Electronic / Experimental,Mais Um Discos,Minna Zhou,2021.0,2021-04-16,737,https://www.pitchfork.com/reviews/albums/howie-lee-birdy-island/
London Grammar,Californian Soil,6.2,Pop/R&B,Ministry of Sound / Columbia,Hannah Jocelyn,2021.0,2021-04-16,553,https://www.pitchfork.com/reviews/albums/london-grammar-californian-soil/
Cannibal Corpse,Violence Unimagined,7.3,Metal,Metal Blade,Sam Sodomsky,2021.0,2021-04-16,732,https://www.pitchfork.com/reviews/albums/cannibal-corpse-violence-unimagined/
The Armed,ULTRAPOP,8.2,Rock,Sargent House,Evan Minsker,2021.0,2021-04-16,983,https://www.pitchfork.com/reviews/albums/the-armed-ultrapop/
Vijay Iyer,Uneasy,8.6,Jazz,ECM,Nate Chinen,2021.0,2021-04-15,991,https://www.pitchfork.com/reviews/albums/vijay-iyer-linda-may-han-oh-tyshawn-uneasy/
The Drums,Mommy Don’t Spank Me,6.7,Pop/R&B,Island,Shane Barnes,2021.0,2021-04-15,837,https://www.pitchfork.com/reviews/albums/the-drums-mommy-dont-spank-me/
Various Artists,"Doom Mix, Vol. V",7.3,Doom Trip,Doom Trip,Joshua Minsoo Kim,2021.0,2021-04-15,624,https://www.pitchfork.com/reviews/albums/various-artists-doom-mix-vol-v/
Sorry,Twixtustwain EP,7.0,Rock,Domino,Quinn Moreland,2021.0,2021-04-15,466,https://www.pitchfork.com/reviews/albums/sorry-twixtustwain-ep/
BROCKHAMPTON,"ROADRUNNER: NEW LIGHT, NEW MACHINE",7.4,Rap,Question Everything / RCA,Matthew Strauss,2021.0,2021-04-14,780,https://www.pitchfork.com/reviews/albums/brockhampton-roadrunner-new-light-new-machine/
Kassa Overall,Shades of Flu 2,7.6,Jazz / Rap,self-released,Dean Van Nguyen,2021.0,2021-04-14,716,https://www.pitchfork.com/reviews/albums/kassa-overall-shades-of-flu-2/
Evan Greer,Spotify Is Surveillance,6.7,Rock,Get Better / Don Giovanni,Sasha Geffen,2021.0,2021-04-14,645,https://www.pitchfork.com/reviews/albums/evan-greer-spotify-is-surveillance/
Jasiah,War,6.1,Rap,Atlantic,Nadine Smith,2021.0,2021-04-14,574,https://www.pitchfork.com/reviews/albums/jasiah-war/
Benny Sings,Music,6.7,Pop/R&B,Stones Throw,Jay Balfour,2021.0,2021-04-13,659,https://www.pitchfork.com/reviews/albums/benny-sings-music/
Damon Locks,NOW,7.7,Jazz / Experimental,International Anthem,Steven Arroyo,2021.0,2021-04-13,994,https://www.pitchfork.com/reviews/albums/damon-locks-black-monument-ensemble-now/
Yaya Bey,The Things I Can’t Take With Me EP,7.0,Pop/R&B,Big Dada,Eric Torres,2021.0,2021-04-13,489,https://www.pitchfork.com/reviews/albums/yaya-bey-the-things-i-cant-take-with-me-ep/
Home Is Where,I Became Birds,8.0,Rock,Knifepunch,Ian Cohen,2021.0,2021-04-13,710,https://www.pitchfork.com/reviews/albums/home-is-where-i-became-birds/
Yoshinori Hayashi,Pulse of Defiance,7.2,Electronic,Smalltown Supersound,Nadine Smith,2021.0,2021-04-12,571,https://www.pitchfork.com/reviews/albums/yoshinori-hayashi-pulse-of-defiance/
Matthew E. White,Broken Mirror: A Selfie Reflection,7.4,Rock / Experimental,Spacebomb / Jagjaguwar,Ben Cardew,2021.0,2021-04-12,598,https://www.pitchfork.com/reviews/albums/matthew-e-white-lonnie-holley-broken-mirror-a-selfie-reflection/
38Kea,"Seeds, Thy Divine Thresher",7.6,Rock / Rap,Lost Appeal,Hubert Adjei-Kontoh,2021.0,2021-04-12,751,https://www.pitchfork.com/reviews/albums/38kea-seeds-thy-divine-thresher/
CFCF,Memoryland,7.0,Electronic,BGM Solutions,Shawn Reynaldo,2021.0,2021-04-12,923,https://www.pitchfork.com/reviews/albums/cfcf-memoryland/
Lync,These Are Not Fall Colors,8.7,Rock,K,Philip Sherburne,1994.0,2021-04-11,3554,https://www.pitchfork.com/reviews/albums/lync-these-are-not-fall-colors/
,,8.4,Electronic / Pop/R&B,,Shy Clara Thompson,,2021-04-10,1021,https://www.pitchfork.com/reviews/albums/haruomi-hosono-sfx-the-endless-talking-paradise-view-mercuric-dance/
Prabh Deep,Tabia,7.3,Rap,Azadi,Bhanuj Kappal,2021.0,2021-04-09,1505,https://www.pitchfork.com/reviews/albums/prabh-deep-tabia/
Esperanza Spalding,TRIANGLE,7.8,Jazz,Concord,Shannon J. Effinger,2021.0,2021-04-09,857,https://www.pitchfork.com/reviews/albums/esperanza-spalding-triangle/
Fake Fruit,Fake Fruit,7.5,Rock,Rocks in Your Head,Maria Sherman,2021.0,2021-04-09,670,https://www.pitchfork.com/reviews/albums/fake-fruit-fake-fruit/
Spirit of the Beehive,"ENTERTAINMENT, DEATH",8.3,Rock,Saddle Creek,Sophie Kemp,2021.0,2021-04-09,811,https://www.pitchfork.com/reviews/albums/spirit-of-the-beehive-entertainment-death/
Various Artists,ARENA02,7.5,Agva,Agva,Isabelia Herrera,2021.0,2021-04-08,630,https://www.pitchfork.com/reviews/albums/various-artists-arena02/
Basside,Fuck It Up EP,6.9,Electronic,Sorry,Colin Joyce,2021.0,2021-04-08,598,https://www.pitchfork.com/reviews/albums/basside-fuck-it-up-ep/
Bruiser Wolf,Dope Game Stupid,7.6,Rap,Bruiser Brigade,Dylan Green,2021.0,2021-04-08,743,https://www.pitchfork.com/reviews/albums/bruiser-wolf-dope-game-stupid/
Ecco2k,PXE EP,7.0,Electronic,Year0001,Ben Dandridge-Lemco,2021.0,2021-04-08,627,https://www.pitchfork.com/reviews/albums/ecco2k-pxe-ep/
Ryley Walker,Course in Fable,7.6,Folk/Country,Husky Pants,Dave Segal,2021.0,2021-04-07,737,https://www.pitchfork.com/reviews/albums/ryley-walker-course-in-fable/
Demi Lovato,Dancing With the Devil…The Art of Starting Over,6.5,Pop/R&B,Island,Quinn Moreland,2021.0,2021-04-07,1198,https://www.pitchfork.com/reviews/albums/demi-lovato-dancing-with-the-devilthe-art-of-starting-over/
Los,F**K Da World,7.5,Rap,PANAGNL4E,Alphonse Pierre,2021.0,2021-04-07,540,https://www.pitchfork.com/reviews/albums/los-fk-da-world/
Various Artists,Bills & Aches & Blues,6.9,4AD,4AD,Marc Hogan,2021.0,2021-04-07,961,https://www.pitchfork.com/reviews/albums/various-artists-bills-and-aches-and-blues/
La Femme,Paradigmes,6.9,Rock,Disque Pointu / Idol,Sophie Kemp,2021.0,2021-04-06,721,https://www.pitchfork.com/reviews/albums/la-femme-paradigmes/
Body Meat,Year of the Orc EP,7.0,Experimental,self-released,Colin Joyce,2021.0,2021-04-06,571,https://www.pitchfork.com/reviews/albums/body-meat-year-of-the-orc-ep/
CRIMEAPPLE,YDFWC?,7.4,Rap,Manteca Music,Matthew Ismael Ruiz,2021.0,2021-04-06,532,https://www.pitchfork.com/reviews/albums/crimeapple-ydfwc/
Ratboys,"Happy Birthday, Ratboy",7.2,Rock,Topshelf,Pete Tosiello,2021.0,2021-04-06,707,https://www.pitchfork.com/reviews/albums/ratboys-happy-birthday-ratboy/
Moontype,Bodies of Water,7.6,Rock,Born Yesterday,Steven Arroyo,2021.0,2021-04-05,655,https://www.pitchfork.com/reviews/albums/moontype-bodies-of-water/
Francis of Delirium,Wading EP,7.4,Rock,Dalliance,Jerry Cowgill,2021.0,2021-04-05,528,https://www.pitchfork.com/reviews/albums/francis-of-delirium-wading-ep/
Flock of Dimes,Head of Roses,7.5,Rock,Sub Pop,Amanda Wicks,2021.0,2021-04-05,657,https://www.pitchfork.com/reviews/albums/flock-of-dimes-head-of-roses/
Godspeed You! Black Emperor,G_d’s Pee AT STATE’S END!,8.1,Rock / Experimental,Constellation,Grayson Haver Currin,2021.0,2021-04-05,856,https://www.pitchfork.com/reviews/albums/godspeed-you-black-emperor-g-ds-pee-at-states-end/
Joyce Manor,Joyce Manor,8.5,Rock,6131,Ian Cohen,2011.0,2021-04-04,2317,https://www.pitchfork.com/reviews/albums/joyce-manor-joyce-manor/
Eve,Scorpion,8.3,Rap,Ruff Ryders / Interscope,Clover Hope,2021.0,2021-04-03,1071,https://www.pitchfork.com/reviews/albums/eve-scorpion/
Renée Reed,Renée Reed,7.7,Folk/Country,Keeled Scales,Jayson Greene,2021.0,2021-04-02,472,https://www.pitchfork.com/reviews/albums/renee-reed-renee-reed/
Dry Cleaning,New Long Leg,8.6,Rock,4AD,Jill Mapes,2021.0,2021-04-02,1185,https://www.pitchfork.com/reviews/albums/dry-cleaning-new-long-leg/
Facta,Blush,7.0,Electronic,Wisdom Teeth,Will Pritchard,2021.0,2021-04-02,541,https://www.pitchfork.com/reviews/albums/facta-blush/
Caterina Barbieri,Fantas Variations,6.5,Experimental,Editions Mego,Jonathan Williger,2021.0,2021-04-02,448,https://www.pitchfork.com/reviews/albums/caterina-barbieri-fantas-variations/
Esther Rose,How Many Times,7.4,Folk/Country,Father/Daughter,Stephen M. Deusner,2021.0,2021-04-01,522,https://www.pitchfork.com/reviews/albums/esther-rose-how-many-times/
YBN Nahmir,VISIONLAND,5.3,Rap,Atlantic,Dylan Green,2021.0,2021-04-01,633,https://www.pitchfork.com/reviews/albums/ybn-nahmir-visionland/
Pink Siifu,$mokebreak EP,6.3,Rap,Lex,Pete Tosiello,2021.0,2021-04-01,568,https://www.pitchfork.com/reviews/albums/pink-siifu-fly-anakin-dollarmokebreak-ep/
Chris Corsano,Made Out of Sound,8.1,Jazz / Experimental,Palilalia,Mark Richardson,2021.0,2021-04-01,701,https://www.pitchfork.com/reviews/albums/chris-corsano-bill-orcutt-made-out-of-sound/
Real Estate,Half a Human EP,6.1,Rock,Domino,Ian Cohen,2021.0,2021-03-31,849,https://www.pitchfork.com/reviews/albums/real-estate-half-a-human-ep/
Armand Hammer,Haram,7.8,Rap,Backwoodz Studioz,Matthew Ismael Ruiz,2021.0,2021-03-31,543,https://www.pitchfork.com/reviews/albums/armand-hammer-the-alchemist-haram/
Starrah,The Longest Interlude,6.5,Rap / Pop/R&B,Platoon,Eric Torres,2021.0,2021-03-31,532,https://www.pitchfork.com/reviews/albums/starrah-the-longest-interlude/
Young Dolph,Dum and Dummer 2,7.5,Rap,Paper Route Empire,Nadine Smith,2021.0,2021-03-31,932,https://www.pitchfork.com/reviews/albums/young-dolph-key-glock-dum-and-dummer-2/
The Antlers,Green to Gold,7.4,Rock,Anti-,Ian Cohen,2021.0,2021-03-30,679,https://www.pitchfork.com/reviews/albums/the-antlers-green-to-gold/
The Peacers,Blexxed Rec,7.0,Rock,Drag City,Brian Coney,2021.0,2021-03-30,797,https://www.pitchfork.com/reviews/albums/the-peacers-blexxed-rec/
Tex Crick,Live in… New York City,7.3,Rock,Mac’s Record Label,Shaad D’Souza,2021.0,2021-03-30,809,https://www.pitchfork.com/reviews/albums/tex-crick-live-in-new-york-city/
Lost Girls,Menneskekollektivet,8.4,Experimental,Smalltown Supersound,Sophie Kemp,2021.0,2021-03-30,593,https://www.pitchfork.com/reviews/albums/lost-girls-menneskekollektivet/
Xiu Xiu,OH NO,7.0,Experimental / Rock,Polyvinyl,Brian Howe,2021.0,2021-03-29,752,https://www.pitchfork.com/reviews/albums/xiu-xiu-oh-no/
,,6.1,Pop/R&B,,Tarisai Ngangura,,2021-03-29,728,https://www.pitchfork.com/reviews/albums/umi-introspection-reimagined/
Anna Fox Rochinski,Cherry,7.2,Pop/R&B,Don Giovanni,Sophia June,2021.0,2021-03-29,475,https://www.pitchfork.com/reviews/albums/anna-fox-rochinski-cherry/
serpentwithfeet,DEACON,7.7,Pop/R&B,Secretly Canadian,Adlan Jackson,2021.0,2021-03-29,852,https://www.pitchfork.com/reviews/albums/serpentwithfeet-deacon/
Alicia Keys,Songs in A Minor,8.5,Pop/R&B,J,Clover Hope,2001.0,2021-03-28,1776,https://www.pitchfork.com/reviews/albums/alicia-keys-songs-in-a-minor/
Joe Strummer,Assembly,8.0,Rock,Dark Horse,Elizabeth Nelson,2021.0,2021-03-27,742,https://www.pitchfork.com/reviews/albums/joe-strummer-assembly/
Hecker,Statistique Synthétique / Teum (the Silvery Slit),6.3,Electronic / Jazz,Portraits GRM,Sunik Kim,2021.0,2021-03-26,617,https://www.pitchfork.com/reviews/albums/hecker-okkyung-lee-statistique-synthetique-teum-the-silvery-slit/
Vegyn,Like a Good Old Friend EP,6.8,Electronic,PLZ Make It Ruins,Eric Torres,2021.0,2021-03-26,477,https://www.pitchfork.com/reviews/albums/vegyn-like-a-good-old-friend-ep/
Floating Points,Promises,9.0,Electronic / Jazz,Luaka Bop,Mark Richardson,2021.0,2021-03-26,941,https://www.pitchfork.com/reviews/albums/floating-points-pharoah-sanders-the-promises/
Ben Howard,Collections From the Whiteout,6.9,Folk/Country,Island,Hannah Jocelyn,2021.0,2021-03-26,742,https://www.pitchfork.com/reviews/albums/ben-howard-collections-from-the-whiteout/
Floatie,Voyage Out,7.5,Rock,Exploding in Sound,Nina Corcoran,2021.0,2021-03-25,491,https://www.pitchfork.com/reviews/albums/floatie-voyage-out/
Nonconnah,Songs for and About Ghosts,7.4,Experimental,Ernest Jenning,Grayson Haver Currin,2021.0,2021-03-25,714,https://www.pitchfork.com/reviews/albums/nonconnah-songs-for-and-about-ghosts/
파란노을 (Parannoul),To See the Next Part of the Dream,8.0,Rock,self-released,Ian Cohen,2021.0,2021-03-25,1139,https://www.pitchfork.com/reviews/albums/parannoul-to-see-the-next-part-of-the-dream/
Clark,Playground in a Lake,6.1,Electronic,Deutsche Grammophon,Patric Fallon,2021.0,2021-03-25,890,https://www.pitchfork.com/reviews/albums/clark-playground-in-a-lake/
Eyehategod,A History of Nomadic Behavior,7.2,Metal,Century Media,Brad Sanders,2021.0,2021-03-24,629,https://www.pitchfork.com/reviews/albums/eyehategod-a-history-of-nomadic-behavior/
Tom Holkenborg,Zack Snyder’s Justice League (Original Motion Picture Soundtrack),6.5,Experimental,WaterTower,Nadine Smith,2021.0,2021-03-24,1561,https://www.pitchfork.com/reviews/albums/tom-holkenborg-zack-snyders-justice-league-original-motion-picture-soundtrack/
Sofia Kourtesis,Fresia Magdalena EP,7.5,Electronic,Technicolour,Jesse Dorris,2021.0,2021-03-24,674,https://www.pitchfork.com/reviews/albums/sofia-kourtesis-fresia-magdalena-ep/
Dialect,Under~Between,7.7,Experimental,Rvng Intl.,Philip Sherburne,2021.0,2021-03-24,835,https://www.pitchfork.com/reviews/albums/dialect-under-between/
Show Me the Body,Survive EP,7.7,Rock,Loma Vista,Adlan Jackson,2021.0,2021-03-23,513,https://www.pitchfork.com/reviews/albums/show-me-the-body-survive-ep/
Senyawa,Alkisah,7.8,Experimental,Phantom Limb,Marc Masters,2021.0,2021-03-23,539,https://www.pitchfork.com/reviews/albums/senyawa-alkisah/
Justin Bieber,Justice,7.2,Pop/R&B,RBMG / Def Jam,Rawiya Kameir,2021.0,2021-03-23,941,https://www.pitchfork.com/reviews/albums/justin-bieber-justice/
Mare Cognitum,Solar Paroxysm,7.5,Metal,"I, Voidhanger",Kim Kelly,2021.0,2021-03-23,744,https://www.pitchfork.com/reviews/albums/mare-cognitum-solar-paroxysm/
Loretta Lynn,Still Woman Enough,7.5,Folk/Country,Legacy,Kim Kelly,2021.0,2021-03-22,934,https://www.pitchfork.com/reviews/albums/loretta-lynn-still-woman-enough/
Wurld Series,What’s Growing,7.1,Rock,Melted Ice Cream,Shaad D’Souza,2021.0,2021-03-22,573,https://www.pitchfork.com/reviews/albums/wurld-series-whats-growing/
Special Request,DJ-Kicks: Special Request,7.7,Electronic,!K7,Ben Cardew,2021.0,2021-03-22,572,https://www.pitchfork.com/reviews/albums/special-request-dj-kicks-special-request/
Willie Dunn,"Creation Never Sleeps, Creation Never Dies: The Willie Dunn Anthology",8.7,Folk/Country,Light in the Attic,Sam Sodomsky,2021.0,2021-03-22,1073,https://www.pitchfork.com/reviews/albums/creation-never-sleeps-creation-never-dies-the-willie-dunn-anthology/
Anita Baker,Rapture,9.0,Pop/R&B,Elektra,Ivy Nelson,1986.0,2021-03-21,1440,https://www.pitchfork.com/reviews/albums/anita-baker-rapture/
,,7.5,Jazz / Rock,,Tarisai Ngangura,,2021-03-20,1188,https://www.pitchfork.com/reviews/albums/bobby-womack-the-poet-the-poet-ii/
Guapdad 4000,1176,6.5,Rap,PARADISE RISING,Stephen Kearse,2021.0,2021-03-19,641,https://www.pitchfork.com/reviews/albums/guapdad-4000-llmind-1176/
Benny the Butcher,The Plugs I Met 2,7.8,Rap,Black Soprano Family / SRFSCHL,Pete Tosiello,2021.0,2021-03-19,778,https://www.pitchfork.com/reviews/albums/benny-the-butcher-harry-fraud-the-plugs-i-met-2/
Lana Del Rey,Chemtrails Over the Country Club,7.5,Pop/R&B,Polydor / Interscope,Mina Tavakoli,2021.0,2021-03-19,1867,https://www.pitchfork.com/reviews/albums/lana-del-rey-chemtrails-over-the-country-club/
Chad VanGaalen,World’s Most Stressed Out Gardener,7.3,Rock,Sub Pop,Zach Schonfeld,2021.0,2021-03-19,558,https://www.pitchfork.com/reviews/albums/chad-vangaalen-worlds-most-stressed-out-gardener/
Maria Arnal i Marcel Bagés,CLAMOR,7.6,Pop/R&B,Fina Estampa,Ben Cardew,2021.0,2021-03-18,649,https://www.pitchfork.com/reviews/albums/maria-arnal-i-marcel-bages-clamor/
Jane Inc.,Number One,7.6,Rock,Telephone Explosion,Jesse Locke,2021.0,2021-03-18,665,https://www.pitchfork.com/reviews/albums/jane-inc-number-one/
Leanne Betasamosake Simpson,Theory of Ice,8.0,Folk/Country,You’ve Changed,Grayson Haver Currin,2021.0,2021-03-18,862,https://www.pitchfork.com/reviews/albums/leanne-betasamosake-simpson-theory-of-ice/
Thirdface,Do It With a Smile,8.0,Metal,Exploding in Sound,Nina Corcoran,2021.0,2021-03-18,714,https://www.pitchfork.com/reviews/albums/thirdface-do-it-with-a-smile/
Valerie June,The Moon and Stars: Prescriptions for Dreamers,7.4,Folk/Country,Fantasy,Steven Arroyo,2021.0,2021-03-17,589,https://www.pitchfork.com/reviews/albums/valerie-june-the-moon-and-stars-prescriptions-for-dreamers/
Zara Larsson,Poster Girl,5.4,Pop/R&B,Ten / Epic,Dani Blum,2021.0,2021-03-17,534,https://www.pitchfork.com/reviews/albums/zara-larsson-poster-girl/
Li Daiguo,Xiao Gong,7.6,Experimental,WV Sorcerer Productions,Joshua Minsoo Kim,2021.0,2021-03-17,605,https://www.pitchfork.com/reviews/albums/li-daiguo-xiao-gong/
Wau Wau Collectif,Yaral Sa Doom,7.7,Experimental / Jazz,Sahel Sounds,Sadie Sartini Garner,2021.0,2021-03-17,987,https://www.pitchfork.com/reviews/albums/wau-wau-collectif-yaral-sa-doom/
Various Artists,J Jazz Volume 3: Deep Modern Jazz From Japan,8.0,BBE Music,BBE Music,Dean Van Nguyen,2021.0,2021-03-16,706,https://www.pitchfork.com/reviews/albums/various-artists-j-jazz-volume-3-deep-modern-jazz-from-japan/
Nick Jonas,Spaceman,5.8,Pop/R&B,Island,Olivia Horn,2021.0,2021-03-16,970,https://www.pitchfork.com/reviews/albums/nick-jonas-spaceman/
Infinite Aziz,Lost Navigator,7.6,Rap,self-released,Hubert Adjei-Kontoh,2021.0,2021-03-16,585,https://www.pitchfork.com/reviews/albums/infinite-aziz-lost-navigator/
ZULI,All Caps EP,7.7,Electronic,UIQ,Philip Sherburne,2021.0,2021-03-16,852,https://www.pitchfork.com/reviews/albums/zuli-all-caps-ep/
Gang of Four,77-81,9.5,Rock,Matador,Marc Masters,2021.0,2021-03-15,1058,https://www.pitchfork.com/reviews/albums/gang-of-four-77-81/
Irena Havlová,Melodies in the Sand,8.0,Experimental,Melody as Truth,Andy Beta,2021.0,2021-03-15,637,https://www.pitchfork.com/reviews/albums/irena-and-vojtech-havlovi-melodies-in-the-sand/
Mr. Mitch,Lazy,7.0,Electronic,Gobstopper,Will Pritchard,2021.0,2021-03-15,602,https://www.pitchfork.com/reviews/albums/mr-mitch-lazy/
Arm’s Length,Everything Nice EP,7.5,Rock,self-released,Ian Cohen,2021.0,2021-03-15,699,https://www.pitchfork.com/reviews/albums/arms-length-everything-nice-ep/
Nina Hagen,Nunsexmonkrock,7.5,Rock,CBS,Evan Minsker,1982.0,2021-03-14,2103,https://www.pitchfork.com/reviews/albums/nina-hagen-nunsexmonkrock/
The Roots,Do You Want More?!!!??!,9.0,Rap,Geffen / UMe,Tarisai Ngangura,2021.0,2021-03-13,1346,https://www.pitchfork.com/reviews/albums/the-roots-do-you-want-more/
Another Michael,New Music and Big Pop,7.6,Rock,Run for Cover,Quinn Moreland,2021.0,2021-03-12,706,https://www.pitchfork.com/reviews/albums/another-michael-new-music-and-big-pop/
Pino Palladino,Notes With Attachments,7.4,Jazz / Rock / Experimental,New Deal / Impulse!,Jack Riedy,2021.0,2021-03-12,755,https://www.pitchfork.com/reviews/albums/pino-palladino-blake-mills-notes-with-attachments/
Perfume Genius,IMMEDIATELY Remixes,7.2,Rock / Pop/R&B,Matador,Eric Torres,2021.0,2021-03-12,537,https://www.pitchfork.com/reviews/albums/perfume-genius-immediately-remixes/
Really From,Really From,7.8,Rock,Topshelf,Charley Ruddell,2021.0,2021-03-12,635,https://www.pitchfork.com/reviews/albums/really-from-really-from/
Shordie Shordie,Memory Lane,6.7,Rap,Warner,Brandon Callender,2021.0,2021-03-11,689,https://www.pitchfork.com/reviews/albums/shordie-shordie-murda-beatz-memory-lane/
Arab Strap,As Days Get Dark,8.0,Rock,Rock Action,Stuart Berman,2021.0,2021-03-11,1033,https://www.pitchfork.com/reviews/albums/arab-strap-as-days-get-dark/
MAVI,End of the Earth EP,7.7,Rap,New York Lab,Matthew Ismael Ruiz,2021.0,2021-03-11,636,https://www.pitchfork.com/reviews/albums/mavi-end-of-the-earth-ep/
Jane Remover,Teen Week,7.2,Experimental / Pop/R&B,PlanetZero,Mano Sundaresan,2021.0,2021-03-11,680,https://www.pitchfork.com/reviews/albums/dltzk-teen-week/
Duke Deuce,Duke Nukem,7.7,Rap,Quality Control / Motown / Made Men Movement,Nadine Smith,2021.0,2021-03-10,1047,https://www.pitchfork.com/reviews/albums/duke-deuce-duke-nukem/
Yungmorpheus,Thumbing Thru Foliage,7.5,Rap,Bad Taste,Dean Van Nguyen,2021.0,2021-03-10,497,https://www.pitchfork.com/reviews/albums/yungmorpheus-ewonee-thumbing-thru-foliage/
Bernice,Eau de Bonjourno,7.6,Pop/R&B,Telephone Explosion / figureight,Allison Hussey,2021.0,2021-03-10,517,https://www.pitchfork.com/reviews/albums/bernice-eau-de-bonjourno/
Neil Young,Way Down in the Rust Bucket,8.1,Rock,Reprise,Stephen Thomas Erlewine,2021.0,2021-03-10,961,https://www.pitchfork.com/reviews/albums/neil-young-and-crazy-horse-way-down-in-the-rust-bucket/
Kings of Leon,When You See Yourself,4.8,Rock,RCA,Evan Rytlewski,2021.0,2021-03-09,683,https://www.pitchfork.com/reviews/albums/kings-of-leon-when-you-see-yourself/
Only the Family,Only the Family - Lil Durk Presents: Loyal Bros,7.1,Rap,Only the Family / EMPIRE,Dylan Green,2021.0,2021-03-09,709,https://www.pitchfork.com/reviews/albums/only-the-family-only-the-family-lil-durk-presents-loyal-bros/
Japan,Quiet Life,6.8,Electronic / Rock,BMG,Robert Ham,2021.0,2021-03-09,996,https://www.pitchfork.com/reviews/albums/japan-quiet-life/
Laura Mvula,1/f EP,7.8,Pop/R&B,Atlantic,Jessica Kariisa,2021.0,2021-03-09,709,https://www.pitchfork.com/reviews/albums/laura-mvula-1f-ep/
Adult Mom,Driver,7.3,Rock,Epitaph,Sophia June,2021.0,2021-03-08,596,https://www.pitchfork.com/reviews/albums/adult-mom-driver/
Jimbo Mathus,These 13,7.2,Folk/Country / Rock,Thirty Tigers,Stephen M. Deusner,2021.0,2021-03-08,736,https://www.pitchfork.com/reviews/albums/jimbo-mathus-andrew-bird-these-13/
Painted Shrines,Heaven and Holy,7.5,Rock,Woodist,Grayson Haver Currin,2021.0,2021-03-08,757,https://www.pitchfork.com/reviews/albums/painted-shrines-heaven-and-holy/
Denzel Curry,Unlocked 1.5,6.9,Rap,Loma Vista,Madison Bloom,2021.0,2021-03-08,615,https://www.pitchfork.com/reviews/albums/denzel-curry-kenny-beats-unlocked-15/
Yellow Magic Orchestra,BGM,9.2,Electronic,Alfa,Noah Yoo,1981.0,2021-03-07,1835,https://www.pitchfork.com/reviews/albums/yellow-magic-orchestra-bgm/
Various Artists,"Heisei No Oto: Japanese Left​-​field Pop From the CD Age, 1989​-​1996",8.4,Music From Memory,Music From Memory,Shy Clara Thompson,2021.0,2021-03-06,893,https://www.pitchfork.com/reviews/albums/various-artists-heisei-no-oto-japanese-left-field-pop-from-the-cd-age-1989-1996/
FAUZIA,flashes in time,7.3,Electronic,self-released,Philip Sherburne,2021.0,2021-03-05,692,https://www.pitchfork.com/reviews/albums/fauzia-flashes-in-time/
IAN SWEET,Show Me How You Disappear,7.8,Rock,Polyvinyl,Jayson Greene,2021.0,2021-03-05,757,https://www.pitchfork.com/reviews/albums/ian-sweet-show-me-how-you-disappear/
Eve Adams,Metal Bird,7.5,Experimental / Folk/Country,self-released,Stuart Berman,2021.0,2021-03-05,708,https://www.pitchfork.com/reviews/albums/eve-adams-metal-bird/
Adrian Younge,The American Negro,4.0,Pop/R&B,Jazz Is Dead,Stephen Kearse,2021.0,2021-03-05,798,https://www.pitchfork.com/reviews/albums/adrian-younge-the-american-negro/
Sam Gendel,Fresh Bread,6.5,Jazz,Leaving,Jay Balfour,2021.0,2021-03-04,583,https://www.pitchfork.com/reviews/albums/sam-gendel-fresh-bread/
Drakeo the Ruler,The Truth Hurts,7.7,Rap,Stinc Team,Jayson Buford,2021.0,2021-03-04,737,https://www.pitchfork.com/reviews/albums/drakeo-the-ruler-the-truth-hurts/
Altin Gün,Yol,7.6,Rock,ATO,Ben Cardew,2021.0,2021-03-04,583,https://www.pitchfork.com/reviews/albums/altin-gun-yol/
Black Sabbath,Vol. 4 (Super Deluxe),9.0,Metal / Rock,BMG,Sean T. Collins,2021.0,2021-03-04,868,https://www.pitchfork.com/reviews/albums/black-sabbath-vol-4-super-deluxe/
Tarta Relena,Pack Pro Nobis,7.8,Experimental,The Indian Runners / Urpa i musell,Philip Sherburne,2021.0,2021-03-03,796,https://www.pitchfork.com/reviews/albums/tarta-relena-pack-pro-nobis/
Roosevelt,Polydans,6.4,Electronic,City Slang / Greco-Roman,Bailey Constas,2021.0,2021-03-03,411,https://www.pitchfork.com/reviews/albums/roosevelt-polydans/
,,8.0,Rock,,Stuart Berman,,2021-03-03,1162,https://www.pitchfork.com/reviews/albums/king-gizzard-and-the-lizard-wizard-kg-lw/
Jimmy Edgar,Cheetah Bend,6.9,Electronic,Innovative Leisure,Noah Yoo,2021.0,2021-03-03,774,https://www.pitchfork.com/reviews/albums/jimmy-edgar-cheetah-bend/
Mia Doi Todd,Music Life,7.3,Folk/Country,City Zen,Sam Sodomsky,2021.0,2021-03-02,638,https://www.pitchfork.com/reviews/albums/mia-doi-todd-music-life/
Cloud Nothings,The Shadow I Remember,7.2,Rock,Carpark,Alfred Soto,2021.0,2021-03-02,465,https://www.pitchfork.com/reviews/albums/cloud-nothings-the-shadow-i-remember/
Nick Cave,Carnage,8.0,Rock / Experimental,Goliath,Andy Cush,2021.0,2021-03-02,1217,https://www.pitchfork.com/reviews/albums/nick-cave-warren-ellis-carnage/
Kìzis,Tidibàbide / Turn,6.8,Experimental,Tin Angel,Jemima Skala,2021.0,2021-03-02,591,https://www.pitchfork.com/reviews/albums/kizis-tidibabide-turn/
Blanck Mass,In Ferneaux,7.0,Electronic,Sacred Bones,Chris O'Connell,2021.0,2021-03-01,719,https://www.pitchfork.com/reviews/albums/blanck-mass-in-ferneaux/
Mouse on Mars,AAI,7.2,Electronic,Thrill Jockey,Philip Sherburne,2021.0,2021-03-01,1168,https://www.pitchfork.com/reviews/albums/mouse-on-mars-aai/
Rx Papi,100 Miles and Walk’in,7.0,Rap,TheRealRx,Mano Sundaresan,2021.0,2021-03-01,610,https://www.pitchfork.com/reviews/albums/rx-papi-100-miles-and-walkin/
Danny L Harle,Harlecore,7.3,Electronic,Mad Decent,Colin Joyce,2021.0,2021-03-01,730,https://www.pitchfork.com/reviews/albums/danny-l-harle-harlecore/
Genesis,Duke,8.0,Rock,Charisma,Sam Sodomsky,1980.0,2021-02-28,2924,https://www.pitchfork.com/reviews/albums/genesis-duke/
Stereolab,Electrically Possessed (Switched On Vol. 4),7.9,Experimental,Warp / Duophonic UHF Disks,Robert Ham,2021.0,2021-02-27,765,https://www.pitchfork.com/reviews/albums/stereolab-electrically-possessed-switched-on-vol-4/
The Muckers,Endeavor,5.3,Rock,Greenway,Linnie Greene,2021.0,2021-02-26,453,https://www.pitchfork.com/reviews/albums/the-muckers-endeavor/
Kas,Like Sunlit Threads,7.3,Electronic,Ilian Tape,Ray Philp,2021.0,2021-02-26,568,https://www.pitchfork.com/reviews/albums/kas-like-sunlit-threads/
Madison Beer,Life Support,5.9,Pop/R&B,Epic,Dani Blum,2021.0,2021-02-26,639,https://www.pitchfork.com/reviews/albums/madison-beer-life-support/
Julien Baker,Little Oblivions,7.6,Rock,Matador,Marc Hogan,2021.0,2021-02-26,876,https://www.pitchfork.com/reviews/albums/julien-baker-little-oblivions/
Indigo Sparke,Echo,7.6,Folk/Country,Sacred Bones,Jayson Greene,2021.0,2021-02-25,710,https://www.pitchfork.com/reviews/albums/indigo-sparke-echo/
For Your Health,In Spite Of,7.6,Metal,Twelve Gauge,Ian Cohen,2021.0,2021-02-25,894,https://www.pitchfork.com/reviews/albums/for-your-health-in-spite-of/
Smerz,Believer,7.7,Pop/R&B,XL,Eric Torres,2021.0,2021-02-25,407,https://www.pitchfork.com/reviews/albums/smerz-believer/
Lil Zay Osama,Trench Baby,6.4,Rap,Warner,Trey Alston,2021.0,2021-02-25,457,https://www.pitchfork.com/reviews/albums/lil-zay-osama-trench-baby/
Ol’ Burger Beats,Dialogue.,7.3,Rap,Jakarta,Pete Tosiello,2021.0,2021-02-24,786,https://www.pitchfork.com/reviews/albums/ol-burger-beats-vuyo-dialogue/
Black Dresses,Forever in Your Heart,7.6,Electronic,self-released,Colin Joyce,2021.0,2021-02-24,525,https://www.pitchfork.com/reviews/albums/black-dresses-forever-in-your-heart/
The Hold Steady,Open Door Policy,7.6,Rock,Positive Jams / Thirty Tigers,Daniel Felsenthal,2021.0,2021-02-24,1052,https://www.pitchfork.com/reviews/albums/the-hold-steady-open-door-policy/
Kinlaw,The Tipping Scale,7.2,Pop/R&B,Bayonet,Leah Mandel,2021.0,2021-02-24,688,https://www.pitchfork.com/reviews/albums/kinlaw-the-tipping-scale/
Dax Pierson,Nerve Bumps (A Queer Divine Dissatisfaction),7.7,Experimental,Ratskin / Dark Entries,Jesse Dorris,2021.0,2021-02-23,626,https://www.pitchfork.com/reviews/albums/dax-pierson-nerve-bumps-a-queer-divine-dissatisfaction/
Chris Crack,Might Delete Later,6.7,Rap,Fool’s Gold,Stephen Kearse,2021.0,2021-02-23,547,https://www.pitchfork.com/reviews/albums/chris-crack-might-delete-later/
"nothing,nowhere.",Trauma Factory,6.6,Rap,Fueled by Ramen,Ashley Bardhan,2021.0,2021-02-23,627,https://www.pitchfork.com/reviews/albums/nothing-nowhere-trauma-factory/
Mr Eazi,Something Else EP,6.5,Pop/R&B,Banku Music / emPawa Africa,Tarisai Ngangura,2021.0,2021-02-23,540,https://www.pitchfork.com/reviews/albums/mr-eazi-something-else-ep/
Loshh,Ífaradá EP,7.8,Electronic,TENNNN,Hubert Adjei-Kontoh,2021.0,2021-02-22,673,https://www.pitchfork.com/reviews/albums/loshh-ifarada-ep/
Wild Pink,A Billion Little Lights,7.6,Rock,Royal Mountain,Evan Rytlewski,2021.0,2021-02-22,656,https://www.pitchfork.com/reviews/albums/wild-pink-a-billion-little-lights/
Mogwai,As the Love Continues,6.9,Rock,Temporary Residence Ltd.,Sadie Sartini Garner,2021.0,2021-02-22,1072,https://www.pitchfork.com/reviews/albums/mogwai-as-the-love-continues/
Blessed,iii EP,7.3,Rock,Flemish Eye,Jesse Locke,2021.0,2021-02-22,598,https://www.pitchfork.com/reviews/albums/blessed-iii-ep/
Katy Perry,Teenage Dream,6.8,Pop/R&B,Capitol,Anna Gaca,2010.0,2021-02-21,2110,https://www.pitchfork.com/reviews/albums/katy-perry-teenage-dream/
Femi Kuti,Legacy +,7.8,Global / Jazz,Partisan,Joey Akan,2021.0,2021-02-20,480,https://www.pitchfork.com/reviews/albums/femi-kuti-made-kuti-legacy/
Pauline Anna Strom,Angel Tears in Sunlight,7.9,Electronic,Rvng Intl.,Andy Beta,2021.0,2021-02-19,645,https://www.pitchfork.com/reviews/albums/pauline-anna-strom-angel-tears-in-sunlight/
Cassandra Jenkins,An Overview on Phenomenal Nature,8.3,Rock,Ba Da Bing,Sam Sodomsky,2021.0,2021-02-19,880,https://www.pitchfork.com/reviews/albums/cassandra-jenkins-an-overview-on-phenomenal-nature/
SG Lewis,times,6.9,Electronic,PMR / EMI,Dani Blum,2021.0,2021-02-19,625,https://www.pitchfork.com/reviews/albums/sg-lewis-times/
Adeline Hotel,Good Timing,7.7,Folk/Country,Ruination,Will Gottsegen,2021.0,2021-02-19,570,https://www.pitchfork.com/reviews/albums/adeline-hotel-good-timing/
Pale Waves,Who Am I?,6.2,Rock,Dirty Hit,Ashley Bardhan,2021.0,2021-02-18,713,https://www.pitchfork.com/reviews/albums/pale-waves-who-am-i/
Various Artists,Judas and the Black Messiah: The Inspired Album,5.5,RCA,RCA,Jessica Kariisa,2021.0,2021-02-18,1135,https://www.pitchfork.com/reviews/albums/various-artists-judas-and-the-black-messiah-the-inspired-album/
Big Ghost Ltd,If It Bleeds It Can Be Killed,7.0,Rap,self-released,Pete Tosiello,2021.0,2021-02-18,686,https://www.pitchfork.com/reviews/albums/big-ghost-ltd-conway-the-machine-if-it-bleeds-it-can-be-killed/
Headie One,EDNA (Deluxe),6.8,Rap,Relentless,Will Pritchard,2021.0,2021-02-18,597,https://www.pitchfork.com/reviews/albums/headie-one-edna-deluxe/
Maassai,With the Shifts,7.8,Rap,Shiny,Vrinda Jagota,2021.0,2021-02-17,628,https://www.pitchfork.com/reviews/albums/maassai-with-the-shifts/
Clap Your Hands Say Yeah,New Fragility,6.4,Rock,CYHSY,Ian Cohen,2021.0,2021-02-17,816,https://www.pitchfork.com/reviews/albums/clap-your-hands-say-yeah-new-fragility/
Jane Birkin,Oh! Pardon tu dormais…,7.4,Pop/R&B,Verve,Ben Cardew,2021.0,2021-02-17,752,https://www.pitchfork.com/reviews/albums/jane-birkin-oh-pardon-tu-dormais/
John Carpenter,Lost Themes III: Alive After Death,6.1,Experimental,Sacred Bones,Nadine Smith,2021.0,2021-02-17,1065,https://www.pitchfork.com/reviews/albums/john-carpenter-lost-themes-iii-alive-after-death/
Django Django,Glowing in the Dark,7.1,Pop/R&B,Because,Marc Hogan,2021.0,2021-02-15,757,https://www.pitchfork.com/reviews/albums/django-django-glowing-in-the-dark/
Archie Shepp,Let My People Go,7.5,Jazz,Archieball,Madison Bloom,2021.0,2021-02-15,666,https://www.pitchfork.com/reviews/albums/archie-shepp-jason-moran-let-my-people-go/
Slowthai,TYRON,7.1,Rap,Method / AWGE / Interscope,Will Pritchard,2021.0,2021-02-15,846,https://www.pitchfork.com/reviews/albums/slowthai-tyron/
Dusty Springfield,The Complete Atlantic Singles 1968-1971,8.0,Pop/R&B,Real Gone,Alfred Soto,2021.0,2021-02-15,1056,https://www.pitchfork.com/reviews/albums/dusty-springfield-the-complete-atlantic-singles-1968-1971/
A.R. Kane,69,9.1,Rock,Rough Trade,Quinn Moreland,1988.0,2021-02-14,1588,https://www.pitchfork.com/reviews/albums/ar-kane-69/
The Band,Stage Fright (50th Anniversary Edition),8.3,Rock,Capitol / UMe,Elizabeth Nelson,2021.0,2021-02-13,762,https://www.pitchfork.com/reviews/albums/the-band-stage-fright-50th-anniversary-edition/
Virginia Wing,private LIFE,7.5,Pop/R&B,Fire,Louis Pattison,2021.0,2021-02-12,729,https://www.pitchfork.com/reviews/albums/virginia-wing-private-life/
Octo Octa,She’s Calling EP,7.7,Electronic,T4T LUV NRG,Megan Buerger,2021.0,2021-02-12,649,https://www.pitchfork.com/reviews/albums/octo-octa-shes-calling-ep/
Mush,Lines Redacted,7.4,Rock,Memphis Industries,Jesse Locke,2021.0,2021-02-12,605,https://www.pitchfork.com/reviews/albums/mush-lines-redacted/
Editrix,Tell Me I’m Bad,7.1,Rock,Exploding in Sound,Andy Cush,2021.0,2021-02-12,745,https://www.pitchfork.com/reviews/albums/editrix-tell-me-im-bad/
Babyface Ray,Unf*ckwitable,6.0,Rap,Wavy Gang / EMPIRE,Alphonse Pierre,2021.0,2021-02-11,568,https://www.pitchfork.com/reviews/albums/babyface-ray-unfckwitable/
Maluma,#7DJ (7 Días En Jamaica),6.7,Pop/R&B / Rap,Sony Music Latin,Julyssa Lopez,2021.0,2021-02-11,618,https://www.pitchfork.com/reviews/albums/maluma-7dj-7-dias-en-jamaica/
Tele Novella,Merlynn Belle,7.2,Rock,Kill Rock Stars,Sophia June,2021.0,2021-02-11,490,https://www.pitchfork.com/reviews/albums/tele-novella-merlynn-belle/
Hayley Williams,FLOWERS for VASES / descansos,6.8,Pop/R&B / Rock,Atlantic,Arielle Gordon,2021.0,2021-02-11,858,https://www.pitchfork.com/reviews/albums/hayley-williams-flowers-for-vases-descansos/
Pooh Shiesty,Shiesty Season,7.0,Rap,The New 1017 / Atlantic,Brandon Callender,2021.0,2021-02-10,686,https://www.pitchfork.com/reviews/albums/pooh-shiesty-shiesty-season/
Chuck Johnson,The Cinder Grove,7.6,Experimental,VDSQ,Allison Hussey,2021.0,2021-02-10,589,https://www.pitchfork.com/reviews/albums/chuck-johnson-the-cinder-grove/
Ryley Walker,Deep Fried Grandeur,6.7,Folk/Country / Rock,Husky Pants,Steven Arroyo,2021.0,2021-02-10,627,https://www.pitchfork.com/reviews/albums/ryley-walker-kikagaku-moyo-deep-fried-grandeur/
Black Coffee,Subconsciously,7.0,Electronic,Ultra,Tarisai Ngangura,2021.0,2021-02-10,688,https://www.pitchfork.com/reviews/albums/black-coffee-subconsciously/
Sarah Mary Chadwick,"Me and Ennui Are Friends, Baby",7.8,Folk/Country,Ba Da Bing,Sophie Kemp,2021.0,2021-02-09,803,https://www.pitchfork.com/reviews/albums/sarah-mary-chadwick-me-and-ennui-are-friends-baby/
Muqata’a,Kamil Manqus كَامِل مَنْقوص,6.9,Electronic,Hundebiss,Jemima Skala,2021.0,2021-02-09,553,https://www.pitchfork.com/reviews/albums/muqataa-kamil-manqus/
Miss Grit,Impostor EP,7.0,Rock,self-released,Cat Zhang,2021.0,2021-02-09,709,https://www.pitchfork.com/reviews/albums/miss-grit-impostor-ep/
"Black Country, New Road",For the first time,7.4,Experimental / Rock,Ninja Tune,Jazz Monroe,2021.0,2021-02-09,828,https://www.pitchfork.com/reviews/albums/black-country-new-road-for-the-first-time/
Nana Yamato,Before Sunrise,7.6,Rock,Dull Tools,Emma Madden,2021.0,2021-02-08,506,https://www.pitchfork.com/reviews/albums/nana-yamato-before-sunrise/
Foo Fighters,Medicine at Midnight,4.7,Rock,Roswell / RCA,Jeremy D. Larson,2021.0,2021-02-08,1018,https://www.pitchfork.com/reviews/albums/foo-fighters-medicine-at-midnight/
Nancy Sinatra,Start Walkin’ 1965-1976,8.1,Pop/R&B,Light in the Attic,Stephen M. Deusner,2021.0,2021-02-08,1202,https://www.pitchfork.com/reviews/albums/nancy-sinatra-start-walkin-1965-1976/
Sylvester,Step II,9.2,Pop/R&B,Fantasy,Eric Torres,1978.0,2021-02-07,1575,https://www.pitchfork.com/reviews/albums/sylvester-step-ii/
The Staves,Good Woman,6.9,Folk/Country,Nonesuch,Hannah Jocelyn,2021.0,2021-02-06,661,https://www.pitchfork.com/reviews/albums/the-staves-good-woman/
Yu Su,Yellow River Blue,7.6,Electronic,Beijing Cultural Communication Co.,Nadine Smith,2021.0,2021-02-05,642,https://www.pitchfork.com/reviews/albums/yu-su-yellow-river-blue/
Sun June,Somewhere,6.8,Rock,Run for Cover / Keeled Scales,Adlan Jackson,2021.0,2021-02-05,485,https://www.pitchfork.com/reviews/albums/sun-june-somewhere/
The Weather Station,Ignorance,9.0,Folk/Country,Fat Possum,Sam Sodomsky,2021.0,2021-02-05,1282,https://www.pitchfork.com/reviews/albums/the-weather-station-ignorance/
Ryan Sambol,Gestalt,7.7,Folk/Country,Perpetual Doom,Madison Bloom,2021.0,2021-02-05,839,https://www.pitchfork.com/reviews/albums/ryan-sambol-gestalt/
Florian T M Zeisig,Music for Parents,6.6,Electronic / Experimental,Métron,Rob Arcand,2021.0,2021-02-04,891,https://www.pitchfork.com/reviews/albums/florian-t-m-zeisig-music-for-parents/
Cristian Vogel,Rebirth of Wonky,7.4,Electronic,Endless Process,Dave Segal,2021.0,2021-02-04,649,https://www.pitchfork.com/reviews/albums/cristian-vogel-rebirth-of-wonky/
Bisk,Vacation Package,7.8,Electronic,Ominira,Philip Sherburne,2021.0,2021-02-04,716,https://www.pitchfork.com/reviews/albums/bisk-vacation-package/
Tha God Fahim,Tha Wolf on Wall St,7.2,Rap,self-released,Dylan Green,2021.0,2021-02-04,503,https://www.pitchfork.com/reviews/albums/tha-god-fahim-your-old-droog-tha-wolf-on-wall-st/
Logic1000,You've Got the Whole Night to Go EP,6.7,Electronic,Therapy,Jemima Skala,2021.0,2021-02-03,485,https://www.pitchfork.com/reviews/albums/logic1000-youve-got-the-whole-night-to-go-ep/
The Body,I’ve Seen All I Need to See,8.0,Metal,Thrill Jockey,Grayson Haver Currin,2021.0,2021-02-03,896,https://www.pitchfork.com/reviews/albums/the-body-ive-seen-all-i-need-to-see/
Gacha Bakradze,Obscure Languages,6.8,Electronic,Lapsus,Ben Cardew,2021.0,2021-02-03,519,https://www.pitchfork.com/reviews/albums/gacha-bakradze-obscure-languages/
TV Priest,Uppers,7.0,Rock,Hand in Hive / Sub Pop,Stuart Berman,2021.0,2021-02-03,882,https://www.pitchfork.com/reviews/albums/tv-priest-uppers/
Madlib,Sound Ancestors,7.9,Rap,Madlib Invazion,Andy Cush,2021.0,2021-02-02,1181,https://www.pitchfork.com/reviews/albums/madlib-sound-ancestors/
A Winged Victory for the Sullen,Invisible Cities,6.9,Experimental,Artificial Pinearch Manufacturing,Brian Howe,2021.0,2021-02-02,695,https://www.pitchfork.com/reviews/albums/a-winged-victory-for-the-sullen-invisible-cities/
Carm,Carm,6.5,Experimental,37d03d,Matthew Strauss,2021.0,2021-02-02,501,https://www.pitchfork.com/reviews/albums/carm-carm/
Portrayal of Guilt,We Are Always Alone,7.8,Rock,Closed Casket Activities,Ian Cohen,2021.0,2021-02-02,587,https://www.pitchfork.com/reviews/albums/portrayal-of-guilt-we-are-always-alone/
The Notwist,Vertigo Days,7.0,Electronic / Rock,Morr Music,Louis Pattison,2021.0,2021-02-01,690,https://www.pitchfork.com/reviews/albums/the-notwist-vertigo-days/
Martin Gore,The Third Chimpanzee EP,7.3,Electronic / Rock,Mute,Robert Ham,2021.0,2021-02-01,419,https://www.pitchfork.com/reviews/albums/martin-gore-the-third-chimpanzee-ep/
Arlo Parks,Collapsed in Sunbeams,6.7,Rock,Transgressive,Hannah Jocelyn,2021.0,2021-02-01,711,https://www.pitchfork.com/reviews/albums/arlo-parks-collapsed-in-sunbeams/
Weezer,OK Human,5.8,Rock,Atlantic,Ian Cohen,2021.0,2021-02-01,905,https://www.pitchfork.com/reviews/albums/weezer-ok-human/
Devin the Dude,Just Tryin’ Ta Live,8.7,Pop/R&B / Rap,Rap-A-Lot,Brandon Caldwell,2002.0,2021-01-31,1574,https://www.pitchfork.com/reviews/albums/devin-the-dude-just-tryin-ta-live/
Nermin Niazi,Disco Se Aagay,7.4,Pop/R&B,Discostan,Philip Sherburne,2021.0,2021-01-30,1254,https://www.pitchfork.com/reviews/albums/nermin-niazi-feisal-mosleh-disco-se-aagay/
Goat Girl,On All Fours,7.1,Rock,Rough Trade,Ben Hewitt,2021.0,2021-01-29,661,https://www.pitchfork.com/reviews/albums/goat-girl-on-all-fours/
Anuel AA,Los Dioses,6.9,Rap,Real Hasta La Muerte / Aura Music,Matthew Ismael Ruiz,2021.0,2021-01-29,620,https://www.pitchfork.com/reviews/albums/anuel-ozuna-los-dioses/
Yvette Janine Jackson,Freedom,7.6,Experimental,Fridman Gallery,Jesse Dorris,2021.0,2021-01-29,726,https://www.pitchfork.com/reviews/albums/yvette-janine-jackson-freedom/
Midnight Sister,Painting the Roses,7.0,Rock,Jagjaguwar,Madison Bloom,2021.0,2021-01-29,695,https://www.pitchfork.com/reviews/albums/midnight-sister-painting-the-roses/
Yasmin Williams,Urban Driftwood,8.0,Folk/Country,Spinster,Sam Sodomsky,2021.0,2021-01-28,647,https://www.pitchfork.com/reviews/albums/yasmin-williams-urban-driftwood/
Lande Hekt,Going to Hell,6.5,Rock,Get Better,Nina Corcoran,2021.0,2021-01-28,602,https://www.pitchfork.com/reviews/albums/lande-hekt-going-to-hell/
Pharoahe Monch,A Magnificent Day for an Exorcism,5.9,Rap,Fat Beats,Dean Van Nguyen,2021.0,2021-01-28,771,https://www.pitchfork.com/reviews/albums/pharoahe-monch-th1rt3en-a-magnificent-day-for-an-exorcism/
YN Jay,Ninja Warrior,6.7,Rap,YN,Alphonse Pierre,2021.0,2021-01-28,576,https://www.pitchfork.com/reviews/albums/yn-jay-ninja-warrior/
Peewee Longway,Longway Sinatra 2,6.9,Rap,MPA Bandcamp / EMPIRE,Nadine Smith,2021.0,2021-01-27,799,https://www.pitchfork.com/reviews/albums/peewee-longway-cassius-jay-longway-sinatra-2/
Elori Saxl,The Blue of Distance,7.8,Experimental,Western Vinyl,Zach Schonfeld,2021.0,2021-01-27,622,https://www.pitchfork.com/reviews/albums/elori-saxl-the-blue-of-distance/
Pom Poko,Cheater,7.5,Rock,Bella Union,Drew Litowitz,2021.0,2021-01-27,468,https://www.pitchfork.com/reviews/albums/pom-poko-cheater/
Steve Earle,J.T.,7.6,Rock,New West,Stephen M. Deusner,2021.0,2021-01-27,758,https://www.pitchfork.com/reviews/albums/steve-earle-jt/
Nyck Caution,Anywhere but Here,5.6,Rap,Pro Era / ADA Worldwide,Pete Tosiello,2021.0,2021-01-26,757,https://www.pitchfork.com/reviews/albums/nyck-caution-anywhere-but-here/
Carmen Villain,Sketch for Winter IX: Perlita,6.8,Experimental,Geographic North,Philip Sherburne,2021.0,2021-01-26,693,https://www.pitchfork.com/reviews/albums/carmen-villain-sketch-for-winter-ix-perlita/
Palberta,Palberta5000,6.8,Rock,Wharf Cat,Peyton Thomas,2021.0,2021-01-26,827,https://www.pitchfork.com/reviews/albums/palberta-palberta5000/
Trees,Trees (50th Anniversary Edition),8.3,Folk/Country,Earth Recordings,Andy Cush,2020.0,2021-01-26,1487,https://www.pitchfork.com/reviews/albums/trees-trees-50th-anniversary-edition/
Caroline Shaw,Narrow Sea,7.6,Experimental,Nonesuch,Allison Hussey,2021.0,2021-01-25,631,https://www.pitchfork.com/reviews/albums/caroline-shaw-narrow-sea/
Rhye,Home,6.6,Pop/R&B,Loma Vista,Zach Schonfeld,2021.0,2021-01-25,828,https://www.pitchfork.com/reviews/albums/rhye-home/
Various Artists,Witch Egg,7.5,Rock Is Hell,Rock Is Hell,Linnie Greene,2021.0,2021-01-25,539,https://www.pitchfork.com/reviews/albums/various-artists-witch-egg/
Mason Lindahl,Kissing Rosy in the Rain,7.7,Folk/Country,Tompkins Square,Grayson Haver Currin,2021.0,2021-01-25,718,https://www.pitchfork.com/reviews/albums/mason-lindahl-kissing-rosy-in-the-rain/
Iris DeMent,Infamous Angel,9.0,Folk/Country,Philo,Jayson Greene,1992.0,2021-01-24,1853,https://www.pitchfork.com/reviews/albums/iris-dement-infamous-angel/
The KLF,Solid State Logik 1,8.1,Electronic,KLF Communications,Nadine Smith,2021.0,2021-01-23,1266,https://www.pitchfork.com/reviews/albums/the-klf-solid-state-logik-1/
Various Artists,"Somewhere Between: Mutant Pop, Electronic Minimalism & Shadow Sounds of Japan 1980-1988",7.3,Light in the Attic,Light in the Attic,Rob Arcand,2021.0,2021-01-22,1043,https://www.pitchfork.com/reviews/albums/various-artists-somewhere-between-mutant-pop-electronic-minimalism-and-shadow-sounds-of-japan-1980-1988/
Bicep,Isles,6.3,Electronic,Ninja Tune,Ben Cardew,2021.0,2021-01-22,585,https://www.pitchfork.com/reviews/albums/bicep-isles/
Kiwi Jr.,Cooler Returns,7.0,Rock,Sub Pop,Evan Rytlewski,2021.0,2021-01-22,601,https://www.pitchfork.com/reviews/albums/kiwi-jr-cooler-returns/
Kasper Marott,Full Circle,7.3,Electronic,Axces,Philip Sherburne,2021.0,2021-01-22,818,https://www.pitchfork.com/reviews/albums/kasper-marott-full-circle/
Ashnikko,Demidevil,6.9,Rap,Warner,Ashley Bardhan,2021.0,2021-01-21,453,https://www.pitchfork.com/reviews/albums/ashnikko-demidevil/
Screamers,Screamers Demo Hollywood 1977,8.0,Rock,Superior Viaduct,Chris O'Connell,2021.0,2021-01-21,833,https://www.pitchfork.com/reviews/albums/screamers-screamers-demo-hollywood-1977/
Buck Meek,Two Saviors,7.1,Folk/Country,Keeled Scales,Jayson Greene,2021.0,2021-01-21,562,https://www.pitchfork.com/reviews/albums/buck-meek-two-saviors/
Danielle Durack,No Place,6.7,Pop/R&B / Folk/Country,self-released,Hannah Jocelyn,2021.0,2021-01-20,571,https://www.pitchfork.com/reviews/albums/danielle-durack-no-place/
Nancy,The Seven Foot Tall Post-Suicidal Feel Good Blues,6.6,Rock,B3SCI,Peyton Thomas,2021.0,2021-01-20,896,https://www.pitchfork.com/reviews/albums/nancy-the-seven-foot-tall-post-suicidal-feel-good-blues/
Zayn,Nobody Is Listening,5.6,Pop/R&B,RCA,Dani Blum,2021.0,2021-01-20,667,https://www.pitchfork.com/reviews/albums/zayn-nobody-is-listening/
Various Artists,Griselda & BSF: Conflicted (Original Motion Picture Soundtrack),6.7,Griselda,Griselda,Dylan Green,2021.0,2021-01-19,619,https://www.pitchfork.com/reviews/albums/various-artists-griselda-and-bsf-conflicted-original-soundtrack/
Patricia Brennan,Maquishti,7.4,Experimental / Jazz,Valley of Search,Daniel Felsenthal,2021.0,2021-01-19,624,https://www.pitchfork.com/reviews/albums/patricia-brennan-maquishti/
Thin Lizzy,Jailbreak,9.1,Rock,Mercury,Sadie Sartini Garner,1976.0,2021-01-17,2595,https://www.pitchfork.com/reviews/albums/thin-lizzy-jailbreak/
Buzzcocks,Complete UA Singles 1977-1980,7.9,Rock,Domino,Robert Ham,2021.0,2021-01-16,1094,https://www.pitchfork.com/reviews/albums/buzzcocks-complete-ua-singles-1977-1980/
Shame,Drunk Tank Pink,7.6,Rock,Dead Oceans,Madison Bloom,2021.0,2021-01-15,874,https://www.pitchfork.com/reviews/albums/shame-drunk-tank-pink/
Tony Shhnow,Kill Streak,7.5,Rap,self-released,Alphonse Pierre,2020.0,2021-01-15,536,https://www.pitchfork.com/reviews/albums/tony-shhnow-kill-streak/
,,7.7,Electronic,,Philip Sherburne,,2021-01-14,1075,https://www.pitchfork.com/reviews/albums/four-tet-parallel-871/
Morgan Wallen,Dangerous: The Double Album,6.9,Folk/Country,Big Loud / Republic,Owen Myers,2021.0,2021-01-14,750,https://www.pitchfork.com/reviews/albums/morgan-wallen-dangerous-the-double-album/
Jazmine Sullivan,Heaux Tales,8.6,Pop/R&B,RCA,Mankaprr Conteh,2021.0,2021-01-13,924,https://www.pitchfork.com/reviews/albums/jazmine-sullivan-heaux-tales/
Heather Trost,Petrichor,7.2,Folk/Country / Rock / Pop/R&B,Third Man,Jayson Greene,2020.0,2021-01-13,561,https://www.pitchfork.com/reviews/albums/heather-trost-petrichor/
Mourn,Self Worth,7.2,Rock,Captured Tracks,Steven Arroyo,2020.0,2021-01-12,570,https://www.pitchfork.com/reviews/albums/mourn-self-worth/
Viagra Boys,Welfare Jazz,7.2,Rock,Year0001,Evan Rytlewski,2021.0,2021-01-12,695,https://www.pitchfork.com/reviews/albums/viagra-boys-welfare-jazz/
Navy Blue,Song of Sage: Post Panic!,8.2,Rap,Freedom Sounds,Dylan Green,2020.0,2021-01-11,731,https://www.pitchfork.com/reviews/albums/navy-blue-song-of-sage-post-panic/
Prurient,Chain Reaction at Dusk,7.3,Experimental,Hospital,Louis Pattison,2020.0,2021-01-11,680,https://www.pitchfork.com/reviews/albums/prurient-kelly-moran-chain-reaction-at-dusk/
Virginia Astley,From Gardens Where We Feel Secure,8.4,Experimental,Rough Trade / Happy Valley,Simon Reynolds,1983.0,2021-01-10,2173,https://www.pitchfork.com/reviews/albums/virginia-astley-from-gardens-where-we-feel-secure/
Heavenly,A Bout De Heavenly: The Singles,8.0,Rock,Damaged Goods,Quinn Moreland,2020.0,2021-01-09,1242,https://www.pitchfork.com/reviews/albums/heavenly-a-bout-de-heavenly-the-singles/
Mica Levi,Ruff Dog,6.7,Experimental,self-released,Arielle Gordon,2020.0,2021-01-08,713,https://www.pitchfork.com/reviews/albums/mica-levi-ruff-dog/
Father,"Come Outside, We Not Gone Jump You",7.4,Rap,Awful,Stephen Kearse,2020.0,2021-01-08,586,https://www.pitchfork.com/reviews/albums/father-come-outside-we-not-gone-jump-you/
Channel Tres,i can’t go outside,6.5,Electronic,Art For Their Good,Jade Gomez,2020.0,2021-01-07,433,https://www.pitchfork.com/reviews/albums/channel-tres-i-cant-go-outside/
Kacy & Clayton,Plastic Bouquet,7.0,Folk/Country,New West,Amanda Wicks,2020.0,2021-01-07,532,https://www.pitchfork.com/reviews/albums/kacy-and-clayton-marlon-williams-plastic-bouquet/
billy woods,BRASS,8.1,Rap / Experimental,Backwoodz Studioz,Stephen Kearse,2020.0,2021-01-06,810,https://www.pitchfork.com/reviews/albums/billy-woods-moor-mother-brass/
Baldi/Gerycz Duo,After Commodore Perry Service Plaza,7.1,Jazz / Experimental,American Dreams,Fred Thomas,2020.0,2021-01-06,535,https://www.pitchfork.com/reviews/albums/baldi-gerycz-duo-after-commodore-perry-service-plaza/
claire rousay,it was always worth it,7.7,Experimental / Electronic,Longform Editions,Jonathan Williger,2020.0,2021-01-05,716,https://www.pitchfork.com/reviews/albums/claire-rousay-it-was-always-worth-it/
Playboi Carti,Whole Lotta Red,8.3,Rap,AWGE / Interscope,Paul A. Thompson,2020.0,2021-01-05,996,https://www.pitchfork.com/reviews/albums/playboi-carti-whole-lotta-red/
I Love Your Lifestyle,No Driver,7.7,Rock,Dog Knights,Ian Cohen,2020.0,2021-01-04,648,https://www.pitchfork.com/reviews/albums/i-love-your-lifestyle-no-driver/
Boldy James,Real Bad Boldy,7.6,Rap,Real Bad Man,Pete Tosiello,2020.0,2021-01-04,722,https://www.pitchfork.com/reviews/albums/boldy-james-real-bad-man-real-bad-boldy/
,,7.5,Folk/Country,,Grayson Haver Currin,,2021-01-02,738,https://www.pitchfork.com/reviews/albums/nathan-salsburg-landwerk/
Joan of Arc,Tim Melina Theo Bobby,7.4,Metal / Rock,Joyful Noise,Anna Gaca,2020.0,2020-12-31,657,https://www.pitchfork.com/reviews/albums/joan-of-arc-tim-melina-theo-bobby/
Roland Haynes,Second Wave,7.4,Jazz,Real Gone,Sadie Sartini Garner,2020.0,2020-12-30,930,https://www.pitchfork.com/reviews/albums/roland-haynes-second-wave/
Winston C.W.,Good Guess,7.5,Pop/R&B / Jazz,Whatever’s Clever / Ruination,Connor Beckett McInerney,2020.0,2020-12-29,683,https://www.pitchfork.com/reviews/albums/winston-cw-good-guess/
Jahari Massamba Unit,Pardon My French,7.0,Jazz / Rap,Madlib Invazion,Jay Balfour,2020.0,2020-12-28,514,https://www.pitchfork.com/reviews/albums/jahari-massamba-unit-pardon-my-french/
Roberta Flack,First Take,9.5,Pop/R&B,Atlantic,Elizabeth Nelson,2020.0,2020-12-26,993,https://www.pitchfork.com/reviews/albums/roberta-flack-first-take/
,,8.2,Experimental,,Jessica Kariisa,,2020-12-24,1455,https://www.pitchfork.com/reviews/albums/sault-untitled-black-is/
Paul McCartney,McCartney III,7.2,Rock,Capitol,Stuart Berman,2020.0,2020-12-23,1043,https://www.pitchfork.com/reviews/albums/paul-mccartney-mccartney-iii/
Various Artists,PlanetMµ25,7.3,Planet Mu,Planet Mu,Ben Cardew,2020.0,2020-12-22,554,https://www.pitchfork.com/reviews/albums/various-artists-planetmu25/
Drive-By Truckers,The New OK,7.3,Rock,ATO,Stephen M. Deusner,2020.0,2020-12-21,915,https://www.pitchfork.com/reviews/albums/drive-by-truckers-the-new-ok/
U2,Zooropa,8.4,Rock,Island,Peyton Thomas,1993.0,2020-12-20,1936,https://www.pitchfork.com/reviews/albums/u2-zooropa/
The Postal Service,Everything Will Change,7.8,Electronic / Rock,Sub Pop,Marc Hogan,2020.0,2020-12-19,1004,https://www.pitchfork.com/reviews/albums/the-postal-service-everything-will-change/
Godcaster,Long Haired Locusts,7.4,Rock / Experimental,Ramp Local,Zach Schonfeld,2020.0,2020-12-19,669,https://www.pitchfork.com/reviews/albums/godcaster-long-haired-locusts/
Kamaiyah,No Explanations,6.0,Rap,GRND.WRK / EMPIRE,Stephen Kearse,2020.0,2020-12-18,643,https://www.pitchfork.com/reviews/albums/kamaiyah-no-explanations/
Nonlocal Forecast,Holographic Universe(s?)!,7.3,Electronic,Hausu Mountain,Will Gottsegen,2020.0,2020-12-18,627,https://www.pitchfork.com/reviews/albums/nonlocal-forecast-holographic-universes/
YUNGBLUD,Weird!,5.5,Rock,Locomotion / Interscope,Ashley Bardhan,2020.0,2020-12-17,667,https://www.pitchfork.com/reviews/albums/yungblud-weird/
Belle and Sebastian,What to Look for in Summer,8.0,Rock,Matador,Elizabeth Nelson,2020.0,2020-12-17,603,https://www.pitchfork.com/reviews/albums/belle-and-sebastian-what-to-look-for-in-summer/
Eternal Champion,Ravening Iron,7.6,Metal,No Remorse,Sam Sodomsky,2020.0,2020-12-16,503,https://www.pitchfork.com/reviews/albums/eternal-champion-ravening-iron/
Kid Cudi,Man on the Moon III: The Chosen,4.9,Rap,Republic,Alphonse Pierre,2020.0,2020-12-16,795,https://www.pitchfork.com/reviews/albums/kid-cudi-man-on-the-moon-iii-the-chosen/
Taylor Swift,Evermore,7.9,Pop/R&B,Republic,Sam Sodomsky,2020.0,2020-12-15,1251,https://www.pitchfork.com/reviews/albums/taylor-swift-evermore/
Ghostemane,ANTI-ICON,7.4,Rap / Experimental,Blackmage,Nadine Smith,2020.0,2020-12-15,871,https://www.pitchfork.com/reviews/albums/ghostemane-anti-icon/
75 Dollar Bill Little Big Band,Live at Tubby’s,7.4,Experimental,Grapefruit,Chris O'Connell,2020.0,2020-12-14,808,https://www.pitchfork.com/reviews/albums/75-dollar-bill-little-big-band-live-at-tubbys/
The Avalanches,We Will Always Love You,8.1,Electronic,Astralwerks,Philip Sherburne,2020.0,2020-12-14,1323,https://www.pitchfork.com/reviews/albums/the-avalanches-we-will-always-love-you/
Gil Scott-Heron,Pieces of a Man,9.0,Jazz,Flying Dutchman,Lawrence Burney,1971.0,2020-12-13,1664,https://www.pitchfork.com/reviews/albums/gil-scott-heron-pieces-of-a-man/
Nilüfer Yanya,Feeling Lucky? EP,7.5,Pop/R&B,ATO,Vrinda Jagota,2020.0,2020-12-12,481,https://www.pitchfork.com/reviews/albums/nilufer-yanya-feeling-lucky-ep/
Sinai Vessel,Ground Aswim,7.3,Rock,Single Occupancy,Ian Cohen,2020.0,2020-12-11,602,https://www.pitchfork.com/reviews/albums/sinai-vessel-ground-aswim/
M. Ward,Think of Spring,7.0,Rock,Anti-,Stephen Thomas Erlewine,2020.0,2020-12-11,697,https://www.pitchfork.com/reviews/albums/m-ward-think-of-spring/
Xyla,Ways,7.7,Electronic,Leaving,Philip Sherburne,2020.0,2020-12-11,555,https://www.pitchfork.com/reviews/albums/xyla-ways/
Baby Smoove,Hardwood Classic,5.8,Rap,Dha,Alphonse Pierre,2020.0,2020-12-10,518,https://www.pitchfork.com/reviews/albums/baby-smoove-hardwood-classic/
Liturgy,Origin of the Alimonies,7.8,Metal,YLYLCYN,Grayson Haver Currin,2020.0,2020-12-10,881,https://www.pitchfork.com/reviews/albums/liturgy-origin-of-the-alimonies/
Arctic Monkeys,Live at the Royal Albert Hall,7.3,Rock,Domino,Noah Yoo,2020.0,2020-12-10,642,https://www.pitchfork.com/reviews/albums/arctic-monkeys-live-at-the-royal-albert-hall/
Fuubutsushi,Fuubutsushi (風物詩),7.4,Jazz,Cached.Media,Sadie Sartini Garner,2020.0,2020-12-09,768,https://www.pitchfork.com/reviews/albums/jusell-prymek-sage-shiroishi-fuubutsushi/
Rico Nasty,Nightmare Vacation,7.4,Rap,Atlantic,Jessica Kariisa,2020.0,2020-12-09,813,https://www.pitchfork.com/reviews/albums/rico-nasty-nightmare-vacation/
Shawn Mendes,Wonder,5.0,Pop/R&B,Island,Quinn Moreland,2020.0,2020-12-09,777,https://www.pitchfork.com/reviews/albums/shawn-mendes-wonder/
Juicy J,The Hustle Continues,6.8,Rap,eOne,Dylan Green,2020.0,2020-12-08,616,https://www.pitchfork.com/reviews/albums/juicy-j-the-hustle-continues/
Undeath,Lesions of a Different Kind,8.0,Metal,Prosthetic,Sam Sodomsky,2020.0,2020-12-08,563,https://www.pitchfork.com/reviews/albums/undeath-lesions-of-a-different-kind/
Khruangbin,Late Night Tales,6.8,Rock,Late Night Tales,Andy Beta,2020.0,2020-12-08,682,https://www.pitchfork.com/reviews/albums/khruangbin-late-night-tales/
Bad Bunny,El Último Tour del Mundo,7.7,Rap / Pop/R&B,Rimas,Matthew Ismael Ruiz,2020.0,2020-12-08,779,https://www.pitchfork.com/reviews/albums/bad-bunny-el-ultimo-tour-del-mundo/
Lee Paradise,The Fink,7.4,Rock / Experimental,Telephone Explosion,Zach Schonfeld,2020.0,2020-12-07,599,https://www.pitchfork.com/reviews/albums/lee-paradise-the-fink/
Dezron Douglas,Force Majeure,7.6,Jazz,International Anthem,Daniel Felsenthal,2020.0,2020-12-07,802,https://www.pitchfork.com/reviews/albums/dezron-douglas-brandee-younger-force-majeure/
Jordan Reyes,Sand Like Stardust,7.4,Experimental,American Dreams,Dave Segal,2020.0,2020-12-07,581,https://www.pitchfork.com/reviews/albums/jordan-reyes-sand-like-stardust/
Sigur Rós,Odin’s Raven Magic,6.8,Rock,Krunk,Vanessa Ague,2020.0,2020-12-07,584,https://www.pitchfork.com/reviews/albums/sigur-ros-odins-raven-magic/
The Pharcyde,Bizarre Ride II the Pharcyde,9.3,Rap,Delicious Vinyl,Ross Scarano,1992.0,2020-12-06,2464,https://www.pitchfork.com/reviews/albums/the-pharcyde-bizarre-ride-ii-the-pharcyde/
BTS,Be,7.0,Pop/R&B,Big Hit,Dani Blum,2020.0,2020-12-05,761,https://www.pitchfork.com/reviews/albums/bts-be/
Nils Frahm,Tripping With Nils Frahm,6.7,Electronic,Erased Tapes,Philip Sherburne,2020.0,2020-12-04,952,https://www.pitchfork.com/reviews/albums/nils-frahm-tripping-with-nils-frahm/
Aya Nakamura,AYA,7.6,Pop/R&B,Rec.118 / Warner France,Shamira Ibrahim,2020.0,2020-12-04,909,https://www.pitchfork.com/reviews/albums/aya-nakamura-aya/
William Tyler,New Vanitas,7.5,Experimental / Folk/Country,Merge,Nadine Smith,2020.0,2020-12-04,664,https://www.pitchfork.com/reviews/albums/william-tyler-new-vanitas/
Spillage Village,Spilligion,6.9,Rap,Dreamville / SinceThe80s / Interscope,Pete Tosiello,2020.0,2020-12-03,907,https://www.pitchfork.com/reviews/albums/spillage-village-spilligion/
Mamalarky,Mamalarky,7.1,Rock,Fire Talk,Jesse Locke,2020.0,2020-12-03,598,https://www.pitchfork.com/reviews/albums/mamalarky-mamalarky/
Sharon Jones and the Dap-Kings,Just Dropped In (To See What Condition My Rendition Was In),7.2,Pop/R&B,Daptone,Stephen M. Deusner,2020.0,2020-12-03,928,https://www.pitchfork.com/reviews/albums/sharon-jones-and-the-dap-kings-just-dropped-in-to-see-what-condition-my-rendition-was-in/
Various Artists,Strum & Thrum: The American Jangle Underground 1983 - 1987,7.0,Captured Tracks,Captured Tracks,Dave Segal,2020.0,2020-12-03,907,https://www.pitchfork.com/reviews/albums/various-artists-strum-and-thrum-the-american-jangle-underground-1983-1987/
Flora Yin-Wong,Holy Palm,7.3,Electronic / Experimental,Modern Love,Philip Sherburne,2020.0,2020-12-02,858,https://www.pitchfork.com/reviews/albums/flora-yin-wong-holy-palm/
Luke Abbott,Translate,6.7,Electronic,Border Community,Ben Cardew,2020.0,2020-12-02,583,https://www.pitchfork.com/reviews/albums/luke-abbott-translate/
Miley Cyrus,Plastic Hearts,6.4,Pop/R&B,RCA,Shaad D’Souza,2020.0,2020-12-02,1537,https://www.pitchfork.com/reviews/albums/miley-cyrus-plastic-hearts/
Nothing,The Great Dismal,7.0,Rock,Relapse,Arielle Gordon,2020.0,2020-12-02,831,https://www.pitchfork.com/reviews/albums/nothing-the-great-dismal/
Lindstrøm & Prins Thomas,III,7.3,Pop/R&B,Smalltown Supersound,Megan Buerger,2020.0,2020-12-01,701,https://www.pitchfork.com/reviews/albums/lindstrom-and-prins-thomas-iii/
Fatima Yamaha,Spontaneous Order,6.5,Electronic,Magnetron,Jemima Skala,2020.0,2020-12-01,468,https://www.pitchfork.com/reviews/albums/fatima-yamaha-spontaneous-order/
Rob Mazurek,Dimensional Stardust,8.0,Jazz,International Anthem / Nonesuch,Sadie Sartini Garner,2020.0,2020-12-01,673,https://www.pitchfork.com/reviews/albums/rob-mazurek-exploding-star-orchestra-dimensional-stardust/
The Smashing Pumpkins,CYR,5.5,Rock,Sumerian,Ian Cohen,2020.0,2020-12-01,1112,https://www.pitchfork.com/reviews/albums/the-smashing-pumpkins-cyr/
Il Quadro di Troisi,Il Quadro di Troisi,7.5,Electronic,Raster,Ben Cardew,2020.0,2020-11-30,563,https://www.pitchfork.com/reviews/albums/il-quadro-di-troisi-il-quadro-di-troisi/
FLOHIO,No Panic No Pain,6.7,Rap,AlphaTone,Will Pritchard,2020.0,2020-11-30,641,https://www.pitchfork.com/reviews/albums/flohio-no-panic-no-pain/
Coil,Musick to Play in the Dark,8.4,Electronic / Experimental / Rock,Dais,Jesse Dorris,2020.0,2020-11-30,959,https://www.pitchfork.com/reviews/albums/coil-musick-to-play-in-the-dark/
Cabaret Voltaire,Shadow of Fear,6.8,Electronic / Experimental,Mute,Robert Ham,2020.0,2020-11-30,613,https://www.pitchfork.com/reviews/albums/cabaret-voltaire-shadow-of-fear/
George Harrison,The Concert for Bangladesh,9.0,Rock / Experimental,Apple,Quinn Moreland,1971.0,2020-11-29,2428,https://www.pitchfork.com/reviews/albums/george-harrison-ravi-shankar-the-concert-for-bangladesh/
The Jimi Hendrix Experience,Live in Maui,8.4,Rock,Experience Hendrix / Legacy,Andy Beta,2020.0,2020-11-28,1013,https://www.pitchfork.com/reviews/albums/the-jimi-hendrix-experience-live-in-maui/
Phoebe Bridgers,Copycat Killer EP,7.2,Folk/Country,Dead Oceans,Vrinda Jagota,2020.0,2020-11-27,528,https://www.pitchfork.com/reviews/albums/phoebe-bridgers-copycat-killer-ep/
Kali Uchis,Sin Miedo (del Amor y Otros Demonios) ∞,7.8,Pop/R&B,EMI / Interscope,Jenzia Burgos,2020.0,2020-11-25,732,https://www.pitchfork.com/reviews/albums/kali-uchis-sin-miedo-del-amor-y-otros-demonios/
Shygirl,ALIAS EP,7.5,Electronic,Because Music,Ashley Bardhan,2020.0,2020-11-25,610,https://www.pitchfork.com/reviews/albums/shygirl-alias-ep/
Loski,"A Drill Story: Music, Trial & Trauma",6.7,Rap,Since ’93,Hubert Adjei-Kontoh,2020.0,2020-11-24,702,https://www.pitchfork.com/reviews/albums/loski-a-drill-story-music-trial-and-trauma/
Roc Marciano,Mt. Marci,7.7,Rap,Marci Enterprises / Art That Kills,Dylan Green,2020.0,2020-11-24,876,https://www.pitchfork.com/reviews/albums/roc-marciano-mt-marci/
Megan Thee Stallion,Good News,7.8,Rap,1501 Certified Entertainment / 300 Entertainment,Mankaprr Conteh,2020.0,2020-11-24,1038,https://www.pitchfork.com/reviews/albums/megan-thee-stallion-good-news/
Mary J. Blige,My Life,7.0,Pop/R&B,Geffen / UMe,Alfred Soto,2020.0,2020-11-24,912,https://www.pitchfork.com/reviews/albums/mary-j-blige-my-life/
SAINt JHN,While the World Was Burning,5.7,Rap,Godd ComplexX / HITCO,Dani Blum,2020.0,2020-11-23,627,https://www.pitchfork.com/reviews/albums/saint-jhn-while-the-world-was-burning/
Ilsa,Preyer,7.3,Metal,Relapse,Kim Kelly,2020.0,2020-11-23,696,https://www.pitchfork.com/reviews/albums/ilsa-preyer/
The War on Drugs,LIVE DRUGS,7.8,Rock,Super High Quality,Steven Arroyo,2020.0,2020-11-23,855,https://www.pitchfork.com/reviews/albums/the-war-on-drugs-live-drugs/
BENEE,Hey u x,6.4,Pop/R&B / Rock,Republic,Hannah Jocelyn,2020.0,2020-11-23,588,https://www.pitchfork.com/reviews/albums/benee-hey-u-x/
Usher,Confessions,9.0,Pop/R&B,Arista,Clover Hope,2004.0,2020-11-22,1794,https://www.pitchfork.com/reviews/albums/usher-confessions/
Badge Époque Ensemble,Self Help,7.6,Jazz,Telephone Explosion,Stuart Berman,2020.0,2020-11-21,639,https://www.pitchfork.com/reviews/albums/badge-epoque-ensemble-self-help/
Nick Cave,Idiot Prayer: Nick Cave Alone at Alexandra Palace,8.0,Rock,Bad Seed,Ben Hewitt,2020.0,2020-11-20,779,https://www.pitchfork.com/reviews/albums/nick-cave-idiot-prayer-nick-cave-alone-at-alexandra-palace/
Babeheaven,Home for Now,6.6,Pop/R&B,AWAL,Jemima Skala,2020.0,2020-11-20,559,https://www.pitchfork.com/reviews/albums/babeheaven-home-for-now/
King Von,Welcome to O’Block,6.8,Rap,Only the Family / EMPIRE,Dean Van Nguyen,2020.0,2020-11-20,739,https://www.pitchfork.com/reviews/albums/king-von-welcome-to-oblock/
David Nance,Staunch Honey,7.7,Rock,Trouble in Mind,Sam Sodomsky,2020.0,2020-11-20,590,https://www.pitchfork.com/reviews/albums/david-nance-staunch-honey/
Told Slant,Point the Flashlight and Walk,7.7,Folk/Country,Double Double Whammy,Hannah Jocelyn,2020.0,2020-11-19,742,https://www.pitchfork.com/reviews/albums/told-slant-point-the-flashlight-and-walk/
Emily A. Sprague,"Hill, Flower, Fog",7.6,Electronic,Rvng Intl.,Philip Sherburne,2020.0,2020-11-19,716,https://www.pitchfork.com/reviews/albums/emily-a-sprague-hill-flower-fog/
TV Freaks,People,7.8,Rock,Schizophrenic,Stuart Berman,2020.0,2020-11-19,820,https://www.pitchfork.com/reviews/albums/tv-freaks-people/
Cakes da Killa,Muvaland EP,7.5,Rap / Electronic,Classic,Madison Bloom,2020.0,2020-11-19,508,https://www.pitchfork.com/reviews/albums/cakes-da-killa-proper-villains-muvaland-ep/
Soul Glo,Songs to Yeet at the Sun EP,8.1,Rock,Secret Voice,Ian Cohen,2020.0,2020-11-18,845,https://www.pitchfork.com/reviews/albums/soul-glo-songs-to-yeet-at-the-sun-ep/
$not,Beautiful Havoc,6.8,Rap,300 Entertainment,Nadine Smith,2020.0,2020-11-18,678,https://www.pitchfork.com/reviews/albums/dollarnot-beautiful-havoc/
Pink Siifu,FlySiifu’s,6.8,Rap,Lex,Stephen Kearse,2020.0,2020-11-18,555,https://www.pitchfork.com/reviews/albums/pink-siifu-fly-anakin-flysiifus/
M. Geddes Gengras,Time Makes Nothing Happen,7.4,Experimental,Hausu Mountain,Andy Beta,2020.0,2020-11-18,582,https://www.pitchfork.com/reviews/albums/m-geddes-gengras-time-makes-nothing-happen/
Carl Stone,Stolen Car,7.8,Electronic,Unseen Worlds,Jonathan Williger,2020.0,2020-11-17,829,https://www.pitchfork.com/reviews/albums/carl-stone-stolen-car/
Future,Pluto x Baby Pluto,6.8,Rap,Atlantic / Epic,Brandon Callender,2020.0,2020-11-17,634,https://www.pitchfork.com/reviews/albums/future-lil-uzi-vert-pluto-x-baby-pluto/
Pa Salieu,Send Them to Coventry,8.1,Rap,Atlantic / Warner UK,Will Pritchard,2020.0,2020-11-17,666,https://www.pitchfork.com/reviews/albums/pa-salieu-send-them-to-coventry/
Molchat Doma,Monument,7.0,Rock,Sacred Bones,Ashley Bardhan,2020.0,2020-11-17,577,https://www.pitchfork.com/reviews/albums/molchat-doma-monument/
ericdoa,COA,6.8,Pop/R&B,DOA,Mano Sundaresan,2020.0,2020-11-16,523,https://www.pitchfork.com/reviews/albums/ericdoa-coa/
Kylie Minogue,DISCO,5.6,Pop/R&B,BMG,Katherine St. Asaph,2020.0,2020-11-16,788,https://www.pitchfork.com/reviews/albums/kylie-minogue-disco/
A.k.Adrix,Código de Barras,7.4,Electronic,Príncipe,Megan Buerger,2020.0,2020-11-16,664,https://www.pitchfork.com/reviews/albums/akadrix-codigo-de-barras/
Ana Roxanne,Because of a Flower,8.0,Experimental,Kranky,Philip Sherburne,2020.0,2020-11-16,926,https://www.pitchfork.com/reviews/albums/ana-roxanne-because-of-a-flower/
John Lee Hooker,It Serve You Right to Suffer,8.6,Jazz / Rock,Impulse!,Sam Sodomsky,1966.0,2020-11-15,1595,https://www.pitchfork.com/reviews/albums/john-lee-hooker-it-serve-you-right-to-suffer/
Aesop Rock,Spirit World Field Guide,8.0,Rap,Rhymesayers Entertainment,Stephen Kearse,2020.0,2020-11-14,869,https://www.pitchfork.com/reviews/albums/aesop-rock-spirit-world-field-guide/
Amaarae,The Angel You Don’t Know,8.4,Pop/R&B,Platoon,Owen Myers,2020.0,2020-11-13,878,https://www.pitchfork.com/reviews/albums/amaarae-the-angel-you-dont-know/
Chavez,Gone Glimmering,8.6,Experimental / Metal / Rock,Matador,Steve Kandell,2020.0,2020-11-13,757,https://www.pitchfork.com/reviews/albums/chavez-gone-glimmering/
Domenique Dumont,People on Sunday,7.0,Electronic,The Leaf Label,Jemima Skala,2020.0,2020-11-13,574,https://www.pitchfork.com/reviews/albums/domenique-dumont-people-on-sunday/
The Nels Cline Singers,Share the Wealth,7.6,Experimental / Jazz,Blue Note,Evan Rytlewski,2020.0,2020-11-13,545,https://www.pitchfork.com/reviews/albums/the-nels-cline-singers-share-the-wealth/
William Basinski,Lamentations,7.5,Experimental,Temporary Residence Ltd.,Brian Howe,2020.0,2020-11-12,597,https://www.pitchfork.com/reviews/albums/william-basinski-lamentations/
,,7.8,Electronic,,Brian Coney,,2020-11-12,910,https://www.pitchfork.com/reviews/albums/mort-garson-lucifer-ataraxia-didnt-you-hear-lucifer-black-mass-ataraxia-the-unexplained-music-from-patch-cord-productions/
Knox Fortune,Stock Child Wonder,7.3,Pop/R&B,Nice Work,Pete Tosiello,2020.0,2020-11-12,775,https://www.pitchfork.com/reviews/albums/knox-fortune-stock-child-wonder/
Suuns,FICTION EP,6.9,Rock,Joyful Noise,Will Ainsley,2020.0,2020-11-12,500,https://www.pitchfork.com/reviews/albums/suuns-fiction-ep/
Jim-E Stack,Ephemera,6.5,Pop/R&B,AWAL,Eric Torres,2020.0,2020-11-11,404,https://www.pitchfork.com/reviews/albums/jim-e-stack-ephemera/
"Shabason, Krgovich & Harris",Philadelphia,7.6,Idée Fixe,Idée Fixe,Stuart Berman,2020.0,2020-11-11,789,https://www.pitchfork.com/reviews/albums/shabason-krgovich-and-harris-philadelphia/
Adulkt Life,Book of Curses,7.7,Rock,What's Your Rupture?,Arielle Gordon,2020.0,2020-11-11,801,https://www.pitchfork.com/reviews/albums/adulkt-life-book-of-curses/
Austin Lucas,Alive in the Hot Zone,7.3,Rock,Cornelius Chapel,Kim Kelly,2020.0,2020-11-11,675,https://www.pitchfork.com/reviews/albums/austin-lucas-alive-in-the-hot-zone/
Trippie Redd,Pegasus,5.6,Rap,10K Projects / Caroline,Dylan Green,2020.0,2020-11-10,632,https://www.pitchfork.com/reviews/albums/trippie-redd-pegasus/
Pylon,Pylon Box,8.5,Electronic / Rock,New West,Marc Masters,2020.0,2020-11-10,1153,https://www.pitchfork.com/reviews/albums/pylon-pylon-box/
Overmono,Everything U Need EP,6.7,Electronic,XL,Chal Ravens,2020.0,2020-11-10,684,https://www.pitchfork.com/reviews/albums/overmono-everything-u-need-ep/
Loma,Don’t Shy Away,7.6,Rock,Sub Pop,Allison Hussey,2020.0,2020-11-10,630,https://www.pitchfork.com/reviews/albums/loma-dont-shy-away/
Angel Bat Dawid,LIVE,8.4,Jazz,International Anthem,Andy Cush,2020.0,2020-11-09,1303,https://www.pitchfork.com/reviews/albums/angel-bat-dawid-tha-brothahood-live/
Sam Amidon,Sam Amidon,7.6,Folk/Country,Nonesuch,Brian Howe,2020.0,2020-11-09,631,https://www.pitchfork.com/reviews/albums/sam-amidon-sam-amidon/
The Style Council,Long Hot Summers: The Story of The Style Council,7.8,Rock,Polydor,Stephen Thomas Erlewine,2020.0,2020-11-09,929,https://www.pitchfork.com/reviews/albums/the-style-council-long-hot-summers-the-story-of-the-style-council/
Jake Muir,the hum of your veiled voice,7.7,Electronic,sferic,Esme Bennett,2020.0,2020-11-09,387,https://www.pitchfork.com/reviews/albums/jake-muir-the-hum-of-your-veiled-voice/
Various Artists,"O Brother, Where Art Thou? (Original Soundtrack)",8.3,Mercury,Mercury,Allison Hussey,2000.0,2020-11-08,2366,https://www.pitchfork.com/reviews/albums/various-artists-o-brother-where-art-thou-original-soundtrack/
Wizkid,Made In Lagos,7.7,Pop/R&B,Starboy / Sony Music International / RCA,Joey Akan,2020.0,2020-11-07,950,https://www.pitchfork.com/reviews/albums/wizkid-made-in-lagos/
Emma Ruth Rundle,May Our Chambers Be Full,6.9,Rock / Metal,Sacred Bones,Grayson Haver Currin,2020.0,2020-11-06,651,https://www.pitchfork.com/reviews/albums/emma-ruth-rundle-thou-may-our-chambers-be-full/
Wilco,Summerteeth (Deluxe Edition),9.0,Rock,Rhino,Stephen M. Deusner,2020.0,2020-11-06,1269,https://www.pitchfork.com/reviews/albums/wilco-summerteeth-deluxe-edition/
Krust,The Edge of Everything,7.6,Electronic,Crosstown Rebels,Ben Cardew,2020.0,2020-11-06,767,https://www.pitchfork.com/reviews/albums/krust-the-edge-of-everything/
